topic,platform,modifier_type,modifier,keyword_phrase,language,region,seed_keyword,search_volume,cpc
neothink,google,Related,,neothink,en,us,neothink,320,1.19
neothink,google,Related,,neothink mark hamilton,en,us,neothink,210,1.02
neothink,google,Alphabeticals,h,neothink mark hamilton,en,us,neothink,210,1.02
neothink,google,Alphabeticals,m,neothink mark hamilton,en,us,neothink,210,1.02
neothink,google,Related,,neothink by mark hamilton,en,us,neothink,140,0.42
neothink,google,Related,,neothink society,en,us,neothink,140,1.60
neothink,google,Alphabeticals,b,neothink by mark hamilton,en,us,neothink,140,0.42
neothink,google,Alphabeticals,s,neothink society,en,us,neothink,140,1.60
neothink,google,Related,,neothink book,en,us,neothink,110,0.28
neothink,google,Alphabeticals,b,neothink book,en,us,neothink,110,0.28
neothink,google,Alphabeticals,l,neothink llc,en,us,neothink,70,0.00
neothink,google,Related,,neothink llc,en,us,neothink,70,0.00
neothink,google,Related,,neothink books,en,us,neothink,70,0.18
neothink,google,Related,,neothink secret society,en,us,neothink,50,0.00
neothink,google,Alphabeticals,b,neothink book summary,en,us,neothink,50,0.00
neothink,google,Alphabeticals,b,neothink society books,en,us,neothink,50,0.05
neothink,google,Alphabeticals,s,neothink book summary,en,us,neothink,50,0.00
neothink,google,Related,,neothink society books,en,us,neothink,50,0.05
neothink,google,Alphabeticals,s,neothink society books,en,us,neothink,50,0.05
neothink,google,Related,,neothink book summary,en,us,neothink,50,0.00
neothink,google,Related,,neothink university,en,us,neothink,40,2.24
neothink,google,Alphabeticals,u,neothink university,en,us,neothink,40,2.24
neothink,google,Alphabeticals,l,neothink matrix com login,en,us,neothink,40,0.00
neothink,google,Alphabeticals,m,neothink matrix com login,en,us,neothink,40,0.00
neothink,google,Alphabeticals,c,neothink matrix com login,en,us,neothink,40,0.00
neothink,google,Related,,neothink matrix com login,en,us,neothink,40,0.00
neothink,google,Related,,neothink society reddit,en,us,neothink,30,0.00
neothink,google,Related,,mark hamilton neothink book,en,us,neothink,30,0.09
neothink,google,Alphabeticals,n,neothink society phone number,en,us,neothink,30,1.11
neothink,google,Alphabeticals,p,neothink society phone number,en,us,neothink,30,1.11
neothink,google,Alphabeticals,r,neothink reviews,en,us,neothink,30,0.00
neothink,google,Related,,neothink reviews,en,us,neothink,30,0.00
neothink,google,Related,,neothink society secrets,en,us,neothink,30,0.00
neothink,google,Related,,what is neothink society,en,us,neothink,30,4.08
neothink,google,Related,,neothink movement,en,us,neothink,30,0.00
neothink,google,Alphabeticals,m,neothink movement,en,us,neothink,30,0.00
neothink,google,Alphabeticals,s,neothink society phone number,en,us,neothink,30,1.11
neothink,google,Alphabeticals,m,neothink matrix,en,us,neothink,30,3.69
neothink,google,Alphabeticals,t,the neothink society,en,us,neothink,30,1.70
neothink,google,Related,,the neothink society refund,en,us,neothink,30,0.00
neothink,google,Alphabeticals,b,mark hamilton neothink book,en,us,neothink,30,0.09
neothink,google,Alphabeticals,h,neothink mark hamilton book,en,us,neothink,30,0.00
neothink,google,Related,,neothink society phone number,en,us,neothink,30,1.11
neothink,google,Related,,neothink matrix.com,en,us,neothink,30,0.00
neothink,google,Related,,neothink mark hamilton book,en,us,neothink,30,0.00
neothink,google,Related,,the neothink society,en,us,neothink,30,1.70
neothink,google,Alphabeticals,m,neothink mark hamilton book,en,us,neothink,30,0.00
neothink,google,Questions,what,what is neothink,en,us,neothink,20,0.00
neothink,google,Alphabeticals,w,www neothink matrix com,en,us,neothink,20,0.00
neothink,google,Prepositions,is,what is neothink,en,us,neothink,20,0.00
neothink,google,Alphabeticals,c,neothink matrix com login password,en,us,neothink,20,0.00
neothink,google,Alphabeticals,l,neothink matrix com login password,en,us,neothink,20,0.00
neothink,google,Alphabeticals,s,neothink society mark hamilton,en,us,neothink,10,0.00
neothink,google,Related,,what is the neothink neo tech society,en,us,neothink,10,0.00
neothink,google,Alphabeticals,w,www neothink u com,en,us,neothink,10,3.68
neothink,google,Alphabeticals,w,neothink society website,en,us,neothink,10,0.00
neothink,google,Alphabeticals,a,active neothink member,en,us,neothink,10,0.00
neothink,google,Alphabeticals,s,neothink society reviews,en,us,neothink,10,0.00
neothink,google,Alphabeticals,r,neothink book review,en,us,neothink,10,0.00
neothink,google,Alphabeticals,r,neothink society reviews,en,us,neothink,10,0.00
neothink,google,Alphabeticals,p,neothink book pdf,en,us,neothink,10,0.00
neothink,google,Alphabeticals,m,active neothink member,en,us,neothink,10,0.00
neothink,google,Alphabeticals,m,neothink society mark hamilton,en,us,neothink,10,0.00
neothink,google,Alphabeticals,m,neothink members,en,us,neothink,10,0.00
neothink,google,Alphabeticals,t,neo tech neothink,en,us,neothink,10,0.00
neothink,google,Alphabeticals,h,neothink hamilton,en,us,neothink,10,0.00
neothink,google,Alphabeticals,c,neothink clubhouse,en,us,neothink,10,0.00
neothink,google,Alphabeticals,s,neothink superpuzzle,en,us,neothink,10,2.97
neothink,google,Alphabeticals,b,neothink book pdf,en,us,neothink,10,0.00
neothink,google,Alphabeticals,b,neothink book review,en,us,neothink,10,0.00
neothink,google,Alphabeticals,t,the neothink society reviews,en,us,neothink,10,0.00
neothink,google,Related,,neothink society reviews,en,us,neothink,10,0.00
neothink,google,Related,,www neothink u com,en,us,neothink,10,3.68
neothink,google,Related,,neothink book review,en,us,neothink,10,0.00
neothink,google,Related,,neothink mentality,en,us,neothink,10,0.00
neothink,google,Related,,neothink wikipedia,en,us,neothink,10,0.00
neothink,google,Related,,neothink society membership,en,us,neothink,10,0.00
neothink,google,Related,,neothink clubhouse,en,us,neothink,10,0.00
neothink,google,Related,,neothink members,en,us,neothink,10,0.00
neothink,google,Alphabeticals,w,neothink wikipedia,en,us,neothink,10,0.00
