topic,keyword_phrase,search_volume,platform,modifier_type
intelligence,who made artificial intelligence,14800,youtube,Questions
intelligence,who created artificial intelligence,14800,youtube,Questions
intelligence,who invented artificial intelligence,14800,youtube,Questions
intelligence,when was artificial intelligence invented,12100,youtube,Questions
intelligence,what is intelligence quotient,9900,youtube,Questions
entrepreneurship,what is entrepreneurship definition,9900,youtube,Questions
prosperity,what does prosperity mean,9900,youtube,Questions
intelligence,when is apple intelligence coming out,8100,youtube,Questions
happiness,what happiness is,6600,google,Questions
happiness,what happiness is,6600,youtube,Questions
intelligence,what is intelligence bureau,5400,youtube,Questions
intelligence,what intelligence is,4400,google,Questions
intelligence,when will apple intelligence be available,4400,youtube,Questions
intelligence,artificial intelligence will replace jobs,2900,youtube,Questions
happiness,happiness can be found even in the darkest of times,2400,youtube,Questions
happiness,happiness can be found,2400,youtube,Questions
prosperity,what is prosperity gospel,1900,youtube,Questions
intelligence,what artificial intelligence,1900,youtube,Questions
entrepreneurship,what entrepreneurship do,1900,google,Questions
intelligence,what is intelligence test,1600,youtube,Questions
longevity,what does longevity mean,1300,youtube,Questions
prosperity,what does prosperity,880,google,Questions
intelligence,how intelligence is measured,880,youtube,Questions
intelligence,how intelligence is measured,880,google,Questions
intelligence,where is apple intelligence,720,youtube,Questions
intelligence,will apple intelligence work on iphone 15,720,google,Questions
intelligence,will smith artificial intelligence,720,youtube,Questions
intelligence,will artificial intelligence replace humans,590,youtube,Questions
happiness,happiness will smith,590,google,Questions
happiness,happiness will smith,590,youtube,Questions
intelligence,will apple intelligence work on iphone 14,590,youtube,Questions
intelligence,when is apple intelligence coming,590,youtube,Questions
intelligence,will apple intelligence work on iphone 14,590,google,Questions
prosperity,what is low prosperity hair,590,youtube,Questions
happiness,what happiness means,480,google,Questions
happiness,what happiness means,480,youtube,Questions
intelligence,when apple intelligence will be available,480,google,Questions
intelligence,what is intelligence in psychology,320,youtube,Questions
entrepreneurship,what is entrepreneurship characteristics,320,youtube,Questions
prosperity,how to pronounce prosperity,320,youtube,Questions
entrepreneurship,why entrepreneurship is important to the economy,320,google,Questions
intelligence,where did artificial intelligence come from,320,youtube,Questions
entrepreneurship,why entrepreneurship is important,320,google,Questions
entrepreneurship,why entrepreneurship is important,320,youtube,Questions
entrepreneurship,what entrepreneurship means,320,google,Questions
entrepreneurship,what entrepreneurship means,320,youtube,Questions
intelligence,who discovered artificial intelligence,320,youtube,Questions
prosperity,what prosperity means,320,google,Questions
entrepreneurship,why entrepreneurship is important to the economy,320,youtube,Questions
self-improvement,what is self improvement,260,youtube,Questions
prosperity,what does prosperity mean in the bible,260,google,Questions
intelligence,what apple intelligence can do,260,youtube,Questions
intelligence,where artificial intelligence is used,260,google,Questions
happiness,how happiness is measured,260,google,Questions
intelligence,where is apple intelligence in settings,210,youtube,Questions
happiness,where happiness lives,210,youtube,Questions
intelligence,who make artificial intelligence,210,youtube,Questions
happiness,happiness will smith movie,210,youtube,Questions
happiness,why happiness is important,210,google,Questions
intelligence,where does intelligence come from,210,youtube,Questions
happiness,where happiness lives,210,google,Questions
intelligence,can emotional intelligence be learned,210,youtube,Questions
intelligence,can intelligence be improved,170,youtube,Questions
intelligence,can intelligence be improved,170,google,Questions
prosperity,what is high prosperity hair,140,youtube,Questions
intelligence,why intelligence is important,140,google,Questions
intelligence,are intelligence tests reliable,140,google,Questions
intelligence,are intelligence tests biased,140,google,Questions
intelligence,why intelligence is important,140,youtube,Questions
self-improvement,what are the best self improvement books,140,youtube,Questions
happiness,doctor who happiness patrol,140,youtube,Questions
happiness,dr who happiness patrol,140,youtube,Questions
happiness,how happiness happens,110,google,Questions
intelligence,will apple intelligence come to iphone 15,110,youtube,Questions
intelligence,can intelligence be genetic,110,google,Questions
intelligence,apple intelligence when,110,youtube,Questions
intelligence,when apple intelligence,110,google,Questions
intelligence,will apple intelligence come to iphone 15,110,google,Questions
happiness,how happiness happens,110,youtube,Questions
entrepreneurship,entrepreneurship how to start,110,youtube,Questions
entrepreneurship,what is entrepreneurship and innovation,90,youtube,Questions
prosperity,where is prosperity south carolina,90,google,Questions
intelligence,where to find intelligence folder tarkov,90,youtube,Questions
prosperity,who are prosperity preachers,90,google,Questions
prosperity,who are prosperity preachers,90,google,Questions
intelligence,where is the intelligence bobblehead in fallout 4,90,youtube,Questions
prosperity,who preaches prosperity gospel,90,google,Questions
happiness,how happiness index is measured,90,google,Questions
prosperity,who are prosperity gospel preachers,90,google,Questions
intelligence,how intelligence is inherited,90,google,Questions
happiness,what happiness does riolu evolve,90,google,Questions
prosperity,who are prosperity gospel preachers,90,google,Questions
longevity,what are longevity noodles,70,google,Questions
intelligence,when artificial intelligence started,70,google,Questions
intelligence,can intelligence be measured,70,youtube,Questions
entrepreneurship,what are entrepreneurship skills,70,google,Questions
happiness,are happiness and joy the same thing,70,google,Questions
entrepreneurship,what is entrepreneurship skills,70,youtube,Questions
happiness,where happiness begins,70,google,Questions
longevity,what are longevity noodles,70,google,Questions
