topic,platform,keyword_phrase,search_volume,cpc,modifier_type
intelligence,google,character artificial intelligence,5000000,0.06,Related
intelligence,youtube,character artificial intelligence,5000000,0.06,Related
intelligence,youtube,artificial general intelligence,1830000,1.83,Related
intelligence,google,artificial general intelligence,1830000,1.83,Related
intelligence,google,open artificial intelligence,1220000,0.85,Related
intelligence,youtube,open artificial intelligence,1220000,0.85,Related
intelligence,youtube,artificial general intelligence openai,1000000,0.87,Related
intelligence,google,artificial general intelligence openai,1000000,0.87,Related
intelligence,google,automated intelligence,1000000,2.61,Related
intelligence,youtube,automated intelligence,1000000,2.61,Related
happiness,youtube,happiness birthday images,1000000,0.21,Related
happiness,google,happiness birthday images,1000000,0.21,Related
intelligence,youtube,artificial intelligence detector,1000000,2.09,Related
intelligence,google,artificial intelligence detector,1000000,2.09,Related
intelligence,google,hawaii artificial intelligence,823000,1.42,Related
intelligence,youtube,polytechnic artificial intelligence,823000,2.87,Related
intelligence,youtube,artificial intelligence images generator,823000,1.54,Related
intelligence,youtube,hawaii artificial intelligence,823000,1.42,Related
intelligence,google,artificial intelligence images generator,823000,1.54,Related
intelligence,google,polytechnic artificial intelligence,823000,2.87,Related
intelligence,youtube,artificial intelligence chat,673000,1.82,Related
intelligence,youtube,c artificial intelligence,673000,0.02,Related
intelligence,google,artificial intelligence chat,673000,1.82,Related
intelligence,google,c artificial intelligence,673000,0.02,Related
intelligence,google,turkish artificial intelligence,550000,0.37,Related
intelligence,youtube,turkish artificial intelligence,550000,0.37,Related
intelligence,youtube,artificial intelligence chatting,550000,2.36,Related
intelligence,google,artificial intelligence chats,550000,2.47,Related
intelligence,google,artificial intelligence chatting,550000,2.36,Related
intelligence,youtube,artificial intelligence chats,550000,2.47,Related
happiness,youtube,happiness birthday wishes,450000,0.27,Related
happiness,google,happiness birthday wishes,450000,0.27,Related
entrepreneurship,google,youth entrepreneurship support,450000,4.53,Related
entrepreneurship,youtube,youth entrepreneurship support,450000,4.53,Related
intelligence,youtube,google artificial intelligence,450000,0.49,Related
intelligence,google,google artificial intelligence,450000,0.49,Related
intelligence,youtube,gemini artificial intelligence,368000,2.76,Related
intelligence,youtube,artificial intelligence ask,368000,0.30,Related
intelligence,google,intelligence quotient test,368000,0.62,Alphabeticals
intelligence,youtube,artificial intelligence checker,368000,1.90,Related
intelligence,youtube,intelligence coordination center,368000,2.39,Related
intelligence,google,artificial intelligence ask,368000,0.30,Related
intelligence,google,intelligence test iq,368000,1.09,Related
happiness,youtube,happiness hours,368000,1.41,Related
intelligence,youtube,intelligence test iq,368000,1.09,Related
intelligence,google,intelligence coordination center,368000,2.39,Related
intelligence,youtube,claude artificial intelligence,368000,5.97,Related
intelligence,google,artificial intelligence checker,368000,1.90,Related
intelligence,google,claude artificial intelligence,368000,5.97,Related
happiness,google,happiness hours,368000,1.41,Related
intelligence,google,gemini artificial intelligence,368000,2.76,Related
intelligence,youtube,intelligence quotient test,368000,0.62,Alphabeticals
intelligence,google,chat artificial intelligence,301000,1.14,Related
intelligence,youtube,google's artificial intelligence,301000,1.25,Related
intelligence,youtube,intelligence tests iq test,301000,1.16,Related
entrepreneurship,youtube,entrepreneurship,301000,17.16,Related
intelligence,youtube,artificial intelligence generator,301000,2.18,Related
intelligence,google,artificial intelligence generator,301000,2.18,Related
intelligence,youtube,emotions and emotional intelligence,301000,2.22,Related
intelligence,youtube,artificial intelligence art generator,301000,1.19,Related
intelligence,youtube,chat artificial intelligence,301000,1.14,Related
intelligence,google,intelligence tests iq test,301000,1.16,Related
intelligence,youtube,power business intelligence,301000,5.94,Related
entrepreneurship,google,entrepreneurship,301000,17.16,Related
intelligence,google,artificial intelligence art generator,301000,1.19,Related
intelligence,google,power business intelligence,301000,5.94,Related
entrepreneurship,google,entrepreneurship entrepreneur,301000,7.30,Related
intelligence,google,google's artificial intelligence,301000,1.25,Related
entrepreneurship,youtube,entrepreneurship entrepreneur,301000,7.30,Related
intelligence,google,emotions and emotional intelligence,301000,2.22,Related
prosperity,google,prosperity bank,246000,4.41,Related
intelligence,youtube,ai intelligence stock,246000,3.42,Related
intelligence,google,defence intelligence agency,246000,3.90,Related
intelligence,youtube,artificial intelligence bing,246000,0.86,Related
happiness,youtube,new year happiness,246000,0.00,Related
intelligence,youtube,ai artificial intelligence chat,246000,2.02,Related
intelligence,youtube,server intelligence agent,246000,14.14,Related
intelligence,google,server intelligence agent,246000,14.14,Related
intelligence,google,ai artificial intelligence chat,246000,2.02,Related
prosperity,youtube,prosperity bank,246000,4.41,Related
intelligence,youtube,new artificial intelligence phone,246000,3.60,Related
intelligence,google,new artificial intelligence phone,246000,3.60,Related
prosperity,youtube,prosperity bank,246000,4.41,Alphabeticals
intelligence,google,ai intelligence stock,246000,3.42,Related
prosperity,google,prosperity bank,246000,4.41,Alphabeticals
intelligence,youtube,defence intelligence agency,246000,3.90,Related
happiness,google,new year happiness,246000,0.00,Related
intelligence,google,artificial intelligence bing,246000,0.86,Related
intelligence,google,stock in artificial intelligence,201000,1.92,Related
intelligence,youtube,stock in artificial intelligence,201000,1.92,Related
intelligence,youtube,meta artificial general intelligence,201000,3.25,Related
intelligence,youtube,app artificial intelligence,201000,1.21,Related
intelligence,google,meta artificial general intelligence,201000,3.25,Related
intelligence,google,artificial intelligence online chat,201000,2.07,Related
prosperity,youtube,prosperity management,201000,8.77,Related
prosperity,google,prosperity management,201000,8.77,Alphabeticals
prosperity,google,prosperity management,201000,8.77,Related
happiness,youtube,wheel of happiness,201000,0.11,Related
intelligence,google,google artificial general intelligence,201000,2.71,Related
intelligence,google,app artificial intelligence,201000,1.21,Related
happiness,google,wheel of happiness,201000,0.11,Related
intelligence,youtube,google artificial general intelligence,201000,2.71,Related
intelligence,youtube,artificial intelligence online chat,201000,2.07,Related
entrepreneurship,youtube,skill and entrepreneurship,165000,4.05,Related
intelligence,youtube,artificial intelligence photo generator,165000,1.89,Related
entrepreneurship,google,skill and entrepreneurship,165000,4.05,Related
intelligence,youtube,emotional intelligence,165000,2.04,Related
intelligence,google,deep artificial intelligence,165000,4.34,Related
intelligence,google,apple intelligence,165000,1.94,Related
intelligence,youtube,apple intelligence,165000,1.94,Related
intelligence,google,artificial intelligence photo generator,165000,1.89,Related
intelligence,youtube,deep artificial intelligence,165000,4.34,Related
intelligence,google,emotional intelligence,165000,2.04,Related
intelligence,google,artificial intelligence picture generator,135000,1.50,Related
intelligence,youtube,math artificial intelligence,135000,1.59,Related
intelligence,google,intelligence emotional,135000,1.99,Related
happiness,google,happiness friday,135000,0.03,Related
intelligence,youtube,artificial intelligence artwork,135000,1.15,Related
intelligence,google,article intelligence,135000,6.63,Related
intelligence,google,artificial intelligence image generator free,135000,1.33,Related
intelligence,youtube,artificial intelligence picture generator,135000,1.50,Related
happiness,youtube,happiness friday,135000,0.03,Related
intelligence,google,math artificial intelligence,135000,1.59,Related
entrepreneurship,google,entrepreneurship development centre,135000,0.47,Related
happiness,google,happiness day,135000,0.36,Alphabeticals
intelligence,youtube,intelligence emotional,135000,1.99,Related
intelligence,google,special intelligence service,135000,3.72,Related
intelligence,google,artificial intelligence generate image,135000,1.42,Related
intelligence,youtube,artificial intelligence image generator free,135000,1.33,Related
intelligence,youtube,artificial intelligence,135000,5.83,Related
intelligence,youtube,article intelligence,135000,6.63,Related
intelligence,youtube,free artificial intelligence image generator,135000,1.72,Related
intelligence,youtube,artificial intelligence generate image,135000,1.42,Related
entrepreneurship,youtube,entrepreneurship development centre,135000,0.47,Related
intelligence,google,artificial intelligence,135000,5.83,Related
intelligence,youtube,intelligence emotional,135000,1.99,Alphabeticals
intelligence,google,free artificial intelligence image generator,135000,1.72,Related
happiness,google,happiness day,135000,0.36,Related
intelligence,google,intelligence emotional,135000,1.99,Alphabeticals
intelligence,google,artificial intelligence artwork,135000,1.15,Related
happiness,youtube,happiness day,135000,0.36,Related
intelligence,youtube,special intelligence service,135000,3.72,Related
intelligence,youtube,artificial intelligence mathematics,110000,0.96,Related
prosperity,youtube,prosperity,110000,9.48,Related
entrepreneurship,google,entrepreneurship development program,110000,1.43,Alphabeticals
intelligence,youtube,leonardo artificial intelligence,110000,0.21,Related
intelligence,google,leonardo artificial intelligence,110000,0.21,Related
intelligence,google,artificial intelligence voice generator,110000,4.85,Related
happiness,google,happiness place,110000,7.23,Related
happiness,google,happiness holiday,110000,0.03,Related
happiness,google,happiness,110000,1.58,Related
intelligence,google,artificial intelligence website creation,110000,18.12,Related
intelligence,youtube,artificial intelligence bot chat,110000,6.47,Related
intelligence,google,tools artificial intelligence,110000,4.66,Related
intelligence,google,question artificial intelligence,110000,0.68,Related
intelligence,google,finance intelligence unit,110000,3.48,Related
intelligence,google,artificial intelligence mathematics,110000,0.96,Related
intelligence,youtube,artificial intelligence logo generator,110000,2.64,Related
intelligence,youtube,financial intelligence units,110000,8.45,Related
intelligence,google,financial intelligence units,110000,8.45,Related
intelligence,youtube,artificial intelligence voice generator,110000,4.85,Related
intelligence,youtube,artificial intelligence website creation,110000,18.12,Related
happiness,youtube,happiness,110000,1.58,Related
intelligence,google,artificial intelligence logo generator,110000,2.64,Related
intelligence,google,artificial intelligence bot chat,110000,6.47,Related
intelligence,youtube,business intelligence platform,110000,28.26,Related
prosperity,google,prosperity,110000,9.48,Related
entrepreneurship,youtube,entrepreneurship development program,110000,1.43,Related
happiness,youtube,happiness place,110000,7.23,Related
intelligence,youtube,tools artificial intelligence,110000,4.66,Related
intelligence,google,artificial intelligence generated images,110000,1.60,Related
intelligence,youtube,finance intelligence unit,110000,3.48,Related
intelligence,youtube,question artificial intelligence,110000,0.68,Related
entrepreneurship,google,entrepreneurship development program,110000,1.43,Related
intelligence,youtube,artificial intelligence generated images,110000,1.60,Related
happiness,youtube,happiness holiday,110000,0.03,Related
intelligence,google,business intelligence platform,110000,28.26,Related
intelligence,google,artificial intelligence arts,110000,0.81,Related
intelligence,youtube,artificial intelligence arts,110000,0.81,Related
happiness,youtube,happiness planner,90500,0.41,Related
intelligence,youtube,meta artificial intelligence,90500,2.19,Related
intelligence,google,intelligence quotient average,90500,1.46,Related
intelligence,google,mossad intelligence service,90500,2.65,Related
intelligence,youtube,tool artificial intelligence,90500,4.35,Related
intelligence,google,what is artificial intelligence examples,90500,1.99,Related
intelligence,youtube,intelligence test for free,90500,1.35,Related
intelligence,youtube,bing artificial intelligence image generator,90500,3.07,Related
intelligence,youtube,strategic intelligence group,90500,0.16,Related
happiness,google,happiness nail,90500,1.09,Related
intelligence,youtube,mossad intelligence service,90500,2.65,Related
intelligence,youtube,mathematics for artificial intelligence,90500,1.24,Related
intelligence,youtube,what is artificial intelligence examples,90500,1.99,Related
intelligence,google,bing artificial intelligence image generator,90500,3.07,Related
intelligence,youtube,scale artificial intelligence,90500,7.44,Related
intelligence,google,mathematics for artificial intelligence,90500,1.24,Related
intelligence,youtube,artificial intelligence chat bot,90500,6.79,Related
happiness,youtube,happiness nail,90500,1.09,Related
intelligence,google,scale artificial intelligence,90500,7.44,Related
intelligence,google,what is artificial general intelligence,90500,2.60,Related
happiness,google,happiness planner,90500,0.41,Related
