wp_id,content_type,title,slug,url,publish_date,yoast_title,yoast_meta,has_yoast_meta,indexation_status,traffic_status,priority,gsc_clicks,gsc_impressions,gsc_ctr,gsc_position
N/A,Unknown,Not in WordPress,,https://neothink.com/,Unknown,,,N/A,In GSC but not WordPress,Orphaned,INVESTIGATE,2145,23154,9.26%,3.97
N/A,Unknown,Not in WordPress,about-neothink,https://neothink.com/about-neothink/,Unknown,,,N/A,In GSC but not WordPress,Orphaned,INVESTIGATE,199,10779,1.85%,3.23
N/A,Unknown,Not in WordPress,neothink-society-clearing-up-the-misunderstandings-about-the-secret-society,https://neothink.com/neothink-society-clearing-up-the-misunderstandings-about-the-secret-society/,Unknown,,,N/A,In GSC but not WordPress,Orphaned,INVESTIGATE,5,156,3.21%,23.1
N/A,Unknown,Not in WordPress,neothink-country,https://neothink.com/neothink-country/,Unknown,,,N/A,In GSC but not WordPress,Orphaned,INVESTIGATE,2,362,0.55%,3.69
N/A,Unknown,Not in WordPress,testimonial/the-neothink-society-knowledge-and,https://neothink.com/testimonial/the-neothink-society-knowledge-and/,Unknown,,,N/A,In GSC but not WordPress,Orphaned,INVESTIGATE,0,30,0%,44.6
N/A,Unknown,Not in WordPress,category/uncategorized/page/2,https://neothink.com/category/uncategorized/page/2/,Unknown,,,N/A,In GSC but not WordPress,Orphaned,INVESTIGATE,0,20,0%,3.95
N/A,Unknown,Not in WordPress,podcast/escape-the-matrix-now-mark-hamilton-2,https://neothink.com/podcast/escape-the-matrix-now-mark-hamilton-2/,Unknown,,,N/A,In GSC but not WordPress,Orphaned,INVESTIGATE,0,17,0%,5.65
N/A,Unknown,Not in WordPress,how-to-find-your-passion-in-life-and-career,https://neothink.com/how-to-find-your-passion-in-life-and-career/,Unknown,,,N/A,In GSC but not WordPress,Orphaned,INVESTIGATE,0,10,0%,76.9
N/A,Unknown,Not in WordPress,testimonial/i-am-using-the-tools,https://neothink.com/testimonial/i-am-using-the-tools/,Unknown,,,N/A,In GSC but not WordPress,Orphaned,INVESTIGATE,0,9,0%,16.89
N/A,Unknown,Not in WordPress,testimonial/i-was-so-fortunate-growing,https://neothink.com/testimonial/i-was-so-fortunate-growing/,Unknown,,,N/A,In GSC but not WordPress,Orphaned,INVESTIGATE,0,8,0%,31.88
N/A,Unknown,Not in WordPress,testimonial/mark-i-just-cant-believe,https://neothink.com/testimonial/mark-i-just-cant-believe/,Unknown,,,N/A,In GSC but not WordPress,Orphaned,INVESTIGATE,0,6,0%,42.17
N/A,Unknown,Not in WordPress,9-effective-steps-to-create-and-maintain-a-healthy-mindset,https://neothink.com/9-effective-steps-to-create-and-maintain-a-healthy-mindset/,Unknown,,,N/A,In GSC but not WordPress,Orphaned,INVESTIGATE,0,5,0%,1
N/A,Unknown,Not in WordPress,testimonial/hi-my-name-is-christian,https://neothink.com/testimonial/hi-my-name-is-christian/,Unknown,,,N/A,In GSC but not WordPress,Orphaned,INVESTIGATE,0,5,0%,14
N/A,Unknown,Not in WordPress,is-starting-over-at-50-too-late-for-success,https://neothink.com/is-starting-over-at-50-too-late-for-success/,Unknown,,,N/A,In GSC but not WordPress,Orphaned,INVESTIGATE,0,5,0%,44.6
N/A,Unknown,Not in WordPress,podcast/reprogram-your-mind-to-be-rich-in-1-hour-the-neothink-approach,https://neothink.com/podcast/reprogram-your-mind-to-be-rich-in-1-hour-the-neothink-approach/,Unknown,,,N/A,In GSC but not WordPress,Orphaned,INVESTIGATE,0,4,0%,2
N/A,Unknown,Not in WordPress,podcast/reprogram-your-mind-to-be-rich-in-1-hour-the-neothink-approach-2,https://neothink.com/podcast/reprogram-your-mind-to-be-rich-in-1-hour-the-neothink-approach-2/,Unknown,,,N/A,In GSC but not WordPress,Orphaned,INVESTIGATE,0,4,0%,4.5
N/A,Unknown,Not in WordPress,podcast/universal-wealth-health-and-peace-on-earth-2,https://neothink.com/podcast/universal-wealth-health-and-peace-on-earth-2/,Unknown,,,N/A,In GSC but not WordPress,Orphaned,INVESTIGATE,0,4,0%,7.5
N/A,Unknown,Not in WordPress,testimonial/i-received-back-in-the,https://neothink.com/testimonial/i-received-back-in-the/,Unknown,,,N/A,In GSC but not WordPress,Orphaned,INVESTIGATE,0,4,0%,16
N/A,Unknown,Not in WordPress,testimonial/so-far-i-can-say,https://neothink.com/testimonial/so-far-i-can-say/,Unknown,,,N/A,In GSC but not WordPress,Orphaned,INVESTIGATE,0,4,0%,24.25
N/A,Unknown,Not in WordPress,podcast/youre-being-manipulated-they-use-guilt-to-control-you-mark-hamilton,https://neothink.com/podcast/youre-being-manipulated-they-use-guilt-to-control-you-mark-hamilton/,Unknown,,,N/A,In GSC but not WordPress,Orphaned,INVESTIGATE,0,3,0%,6.33
N/A,Unknown,Not in WordPress,category/uncategorized/page/3,https://neothink.com/category/uncategorized/page/3/,Unknown,,,N/A,In GSC but not WordPress,Orphaned,INVESTIGATE,0,3,0%,7.33
N/A,Unknown,Not in WordPress,podcast/a-new-country-with-no-taxes-mark-hamilton,https://neothink.com/podcast/a-new-country-with-no-taxes-mark-hamilton/,Unknown,,,N/A,In GSC but not WordPress,Orphaned,INVESTIGATE,0,3,0%,8.33
N/A,Unknown,Not in WordPress,category/uncategorized/page/4,https://neothink.com/category/uncategorized/page/4/,Unknown,,,N/A,In GSC but not WordPress,Orphaned,INVESTIGATE,0,3,0%,17
N/A,Unknown,Not in WordPress,about-duplicate-494-new,https://neothink.com/about-duplicate-494-new/,Unknown,,,N/A,In GSC but not WordPress,Orphaned,INVESTIGATE,0,3,0%,37.67
N/A,Unknown,Not in WordPress,author/helpfulfox00gmail-com/page/3,https://neothink.com/author/helpfulfox00gmail-com/page/3/,Unknown,,,N/A,In GSC but not WordPress,Orphaned,INVESTIGATE,0,2,0%,1.5
N/A,Unknown,Not in WordPress,testimonial/my-very-special-thanks-to,https://neothink.com/testimonial/my-very-special-thanks-to/,Unknown,,,N/A,In GSC but not WordPress,Orphaned,INVESTIGATE,0,2,0%,52
N/A,Unknown,Not in WordPress,main/home.php,https://neo.neothink.com/main/home.php,Unknown,,,N/A,In GSC but not WordPress,Orphaned,INVESTIGATE,0,1,0%,1
N/A,Unknown,Not in WordPress,podcast/escape-the-matrix-now-mark-hamilton,https://neothink.com/podcast/escape-the-matrix-now-mark-hamilton/,Unknown,,,N/A,In GSC but not WordPress,Orphaned,INVESTIGATE,0,1,0%,2
N/A,Unknown,Not in WordPress,podcast/are-we-the-illuminati-the-truth-behind-the-allegations-mh-explains,https://neothink.com/podcast/are-we-the-illuminati-the-truth-behind-the-allegations-mh-explains/,Unknown,,,N/A,In GSC but not WordPress,Orphaned,INVESTIGATE,0,1,0%,8
N/A,Unknown,Not in WordPress,podcast/freeing-societys-hidden-geniuses-with-elon-musk,https://neothink.com/podcast/freeing-societys-hidden-geniuses-with-elon-musk/,Unknown,,,N/A,In GSC but not WordPress,Orphaned,INVESTIGATE,0,1,0%,9
N/A,Unknown,Not in WordPress,podcast/the-future-of-humanity-everything-becomes-free,https://neothink.com/podcast/the-future-of-humanity-everything-becomes-free/,Unknown,,,N/A,In GSC but not WordPress,Orphaned,INVESTIGATE,0,1,0%,9
N/A,Unknown,Not in WordPress,testimonial/20001,https://neothink.com/testimonial/20001/,Unknown,,,N/A,In GSC but not WordPress,Orphaned,INVESTIGATE,0,1,0%,18
N/A,Unknown,Not in WordPress,podcast/the-secret-society-reveals-civilizations-only-hope-for-a-good-future,https://neothink.com/podcast/the-secret-society-reveals-civilizations-only-hope-for-a-good-future/,Unknown,,,N/A,In GSC but not WordPress,Orphaned,INVESTIGATE,0,1,0%,20
N/A,Unknown,Not in WordPress,podcast/the-future-of-humanity-everything-becomes-free-2,https://neothink.com/podcast/the-future-of-humanity-everything-becomes-free-2/,Unknown,,,N/A,In GSC but not WordPress,Orphaned,INVESTIGATE,0,1,0%,23
N/A,Unknown,Not in WordPress,testimonial/for-me-this-journey-with,https://neothink.com/testimonial/for-me-this-journey-with/,Unknown,,,N/A,In GSC but not WordPress,Orphaned,INVESTIGATE,0,1,0%,32
N/A,Unknown,Not in WordPress,testimonial/im-new-to-neothink-and,https://neothink.com/testimonial/im-new-to-neothink-and/,Unknown,,,N/A,In GSC but not WordPress,Orphaned,INVESTIGATE,0,1,0%,33
N/A,Unknown,Not in WordPress,testimonial/im-so-very-greatful-for,https://neothink.com/testimonial/im-so-very-greatful-for/,Unknown,,,N/A,In GSC but not WordPress,Orphaned,INVESTIGATE,0,1,0%,33
N/A,Unknown,Not in WordPress,testimonial/thank-you-for-the-incredible,https://neothink.com/testimonial/thank-you-for-the-incredible/,Unknown,,,N/A,In GSC but not WordPress,Orphaned,INVESTIGATE,0,1,0%,34
N/A,Unknown,Not in WordPress,testimonial/thank-you-mark-what-an,https://neothink.com/testimonial/thank-you-mark-what-an/,Unknown,,,N/A,In GSC but not WordPress,Orphaned,INVESTIGATE,0,1,0%,35
N/A,Unknown,Not in WordPress,testimonial/mark-hamilton-you-open-my,https://neothink.com/testimonial/mark-hamilton-you-open-my/,Unknown,,,N/A,In GSC but not WordPress,Orphaned,INVESTIGATE,0,1,0%,36
N/A,Unknown,Not in WordPress,testimonial/i-have-an-fne-for,https://neothink.com/testimonial/i-have-an-fne-for/,Unknown,,,N/A,In GSC but not WordPress,Orphaned,INVESTIGATE,0,1,0%,37
N/A,Unknown,Not in WordPress,testimonial/thank-you-mark-hamilton-for,https://neothink.com/testimonial/thank-you-mark-hamilton-for/,Unknown,,,N/A,In GSC but not WordPress,Orphaned,INVESTIGATE,0,1,0%,40
N/A,Unknown,Not in WordPress,testimonial/thank-you-mr-mark-hamilton,https://neothink.com/testimonial/thank-you-mr-mark-hamilton/,Unknown,,,N/A,In GSC but not WordPress,Orphaned,INVESTIGATE,0,1,0%,42
N/A,Unknown,Not in WordPress,testimonial/thank-you-i-am-so,https://neothink.com/testimonial/thank-you-i-am-so/,Unknown,,,N/A,In GSC but not WordPress,Orphaned,INVESTIGATE,0,1,0%,43
N/A,Unknown,Not in WordPress,testimonial/hi-markthank-you-for-the,https://neothink.com/testimonial/hi-markthank-you-for-the/,Unknown,,,N/A,In GSC but not WordPress,Orphaned,INVESTIGATE,0,1,0%,44
N/A,Unknown,Not in WordPress,testimonial/have-come-many-myriads-of,https://neothink.com/testimonial/have-come-many-myriads-of/,Unknown,,,N/A,In GSC but not WordPress,Orphaned,INVESTIGATE,0,1,0%,46
N/A,Unknown,Not in WordPress,testimonial/hi-mark-im-glad-to,https://neothink.com/testimonial/hi-mark-im-glad-to/,Unknown,,,N/A,In GSC but not WordPress,Orphaned,INVESTIGATE,0,1,0%,48
N/A,Unknown,Not in WordPress,testimonial/thank-you-mark-for-this,https://neothink.com/testimonial/thank-you-mark-for-this/,Unknown,,,N/A,In GSC but not WordPress,Orphaned,INVESTIGATE,0,1,0%,51
N/A,Unknown,Not in WordPress,testimonial/thank-you-mark-for-selecting,https://neothink.com/testimonial/thank-you-mark-for-selecting/,Unknown,,,N/A,In GSC but not WordPress,Orphaned,INVESTIGATE,0,1,0%,52
N/A,Unknown,Not in WordPress,testimonial/thank-you-mark-hamilton-for-3,https://neothink.com/testimonial/thank-you-mark-hamilton-for-3/,Unknown,,,N/A,In GSC but not WordPress,Orphaned,INVESTIGATE,0,1,0%,55
N/A,Unknown,Not in WordPress,testimonial/thank-you-mark-hamilton-for-4,https://neothink.com/testimonial/thank-you-mark-hamilton-for-4/,Unknown,,,N/A,In GSC but not WordPress,Orphaned,INVESTIGATE,0,1,0%,56
N/A,Unknown,Not in WordPress,testimonial/thank-you-mark-hamilton-for-2,https://neothink.com/testimonial/thank-you-mark-hamilton-for-2/,Unknown,,,N/A,In GSC but not WordPress,Orphaned,INVESTIGATE,0,1,0%,57
3,page,Privacy Policy,privacy-policy,https://neothink.com/privacy-policy/,2024-04-09 19:44:20,Privacy Policy - Neothink,Review The Neothink Society’s privacy policy to understand how we protect your information and respect your data rights. Your trust and security matter to us.,Yes,Indexed - Has Traffic,Zero-Click,P1-Zero Click Crisis,0,132,0%,12.91
494,page,About,about,https://neothink.com/about/,2024-05-02 22:15:23,,,No,Indexed - Has Traffic,Live,P1-Missing Meta (High Traffic),407,17060,2.39%,3.6
1643,page,The Movement,the-movement,https://neothink.com/the-movement/,2024-07-01 21:45:28,,,No,Indexed - Has Traffic,Live,P1-Missing Meta (High Traffic),79,1877,4.21%,7.69
1641,page,Life Coaching,life-coaching,https://neothink.com/life-coaching/,2024-07-01 21:44:56,,,No,Indexed - Has Traffic,Zero-Click,P2-Zero Click,0,64,0%,19.86
670,page,What I Offer,what-i-offer,https://neothink.com/what-i-offer/,2024-05-02 22:15:23,,,No,Indexed - Has Traffic,Zero-Click,P2-Zero Click,0,31,0%,15.81
2,page,Sample Page,sample-page,https://neothink.com/sample-page/,2024-04-09 19:44:20,,,No,Indexed - Has Traffic,Zero-Click,P2-Zero Click,0,47,0%,13.96
3404,post,Who Really Joins Secret Societies? The Truth Behind The Members,who-really-joins-secret-societies-the-truth-behind-the-members,https://neothink.com/who-really-joins-secret-societies-the-truth-behind-the-members/,2025-08-11 09:50:03,,"Discover who becomes a secret society member & why. This deeper look uncovers patterns, motivations, & surprising truths about those drawn to hidden groups.",Yes,Indexed - Has Traffic,Zero-Click,P2-Zero Click,0,41,0%,52.22
3305,post,How To Discern Genuine Secret Society Opportunities From Fraud,how-to-discern-genuine-secret-society-opportunities-from-fraud,https://neothink.com/how-to-discern-genuine-secret-society-opportunities-from-fraud/,2025-06-09 16:15:05,,"Learn how to protect yourself from secret society opportunities from fraud by recognizing fake promises, deceptive tactics, and empty memberships posing as exclusive paths to success.",Yes,Indexed - Has Traffic,Zero-Click,P2-Zero Click,0,22,0%,18.45
2956,post,Why You’re Feeling Stuck In Life And How To Fix It,why-youre-feeling-stuck-in-life-and-how-to-fix-it,https://neothink.com/why-youre-feeling-stuck-in-life-and-how-to-fix-it/,2025-04-03 06:16:00,Why You’re Feeling Stuck In Life And How To Fix It - Neothink,"Understand why you’re feeling stuck in life and how to fix it with The Neothink Society. Use our tools to move forward with clarity, strength, and momentum.",Yes,Indexed - Has Traffic,Zero-Click,P2-Zero Click,0,23,0%,64.61
2017,page,Our Mission,our-mission,https://neothink.com/our-mission/,2024-08-28 19:35:48,,,No,Indexed - Has Traffic,Live,P2-Missing Meta,26,1791,1.45%,6.01
1645,page,Programs,programs,https://neothink.com/programs/,2024-07-01 21:45:48,,,No,Indexed - Has Traffic,Live,P2-Missing Meta,16,944,1.69%,15.22
1605,page,About Us,about-us,https://neothink.com/about-us/,2024-07-01 18:41:00,About Us - Neothink,"Learn about The Neothink Society and our mission to promote purpose, prosperity, and personal freedom. Discover how we help individuals grow and thrive.",Yes,Indexed - Has Traffic,Live,P2-Low CTR,110,7231,1.52%,4.1
2041,page,Frequently Asked Questions,faq,https://neothink.com/faq/,2024-08-28 19:43:39,Frequently Asked Questions - NeoThink Society,Find answers to frequently asked questions about The Neothink Society. Learn about our philosophy and programs and start your journey to transforming your life.,Yes,Indexed - Has Traffic,Live,P2-Low CTR,107,6576,1.63%,4.97
2056,page,Neothink Country: A Digital Nation of Freedom,immortalis,https://neothink.com/immortalis/,2024-08-28 19:50:56,Neothink Country: A Digital Nation of Freedom - NeoThink Society,"Neothink Country is a digital nation of freedom, offering a new way to live and thrive without limitations. Join us and become a citizen of Neothink Country.",Yes,Indexed - Has Traffic,Live,P2-Low CTR,75,6494,1.15%,4.25
1918,page,Podcasts,podcast,https://neothink.com/podcast/,2024-08-17 00:17:52,,Tune into The Neothink Society podcasts to explore Mark Hamilton’s transformative ideas. Stay motivated and gain insights with our thought-provoking episodes.,Yes,Indexed - Has Traffic,Live,P2-Low CTR,69,10328,0.67%,4
2810,post,What’s the Truth About the Neothink Society? Separating Fact from Fiction,whats-the-truth-about-the-neothink-society-separating-fact-from-fiction,https://neothink.com/whats-the-truth-about-the-neothink-society-separating-fact-from-fiction/,2025-04-09 06:16:00,What’s the Truth About the Neothink Society? Separating Fact from Fiction - Neothink,"What’s the truth about The Neothink Society? Separate fact from fiction and discover how our programs truly support personal freedom, purpose, and success.",Yes,Indexed - Has Traffic,Live,P2-Low CTR,12,751,1.6%,12.15
2028,page,Business and Life Coaching Programs,neothink-coaching-programs,https://neothink.com/neothink-coaching-programs/,2024-09-26 10:21:34,,The Neothink Society provides business and life coaching programs to help you achieve success and personal fulfillment. Transform your life and career today.,Yes,Indexed - Has Traffic,Live,P2-Low CTR,11,4645,0.24%,3.34
1977,post,How The Neothink Secret Society Differs From Other Secret Groups,how-the-neothink-secret-society-differs-from-other-secret-groups,https://neothink.com/how-the-neothink-secret-society-differs-from-other-secret-groups/,2025-03-28 06:16:00,How The Neothink Secret Society Differs From Other Secret Groups - Neothink,Find out how the Neothink Secret Society differs from other secret groups. Discover our unique approach to growth and transformation at The Neothink Society.,Yes,Indexed - Has Traffic,Live,P2-Low CTR,8,1168,0.68%,8.91
2061,page,Formula Cure To Aging Program,formula-cure-to-aging,https://neothink.com/formula-cure-to-aging/,2024-08-28 19:52:50,Formula Cure To Aging Program - NeoThink Society,The Neothink Society’s Formula Cure To Aging Program helps you discover the secrets to longevity and vitality. Unlock the key to living longer with us today.,Yes,Indexed - Has Traffic,Live,P2-Low CTR,5,270,1.85%,8.26
1434,page,Newsletter Signup,newsletter,https://neothink.com/newsletter/,2024-06-18 23:20:14,Newsletter Signup - Neothink,"Sign up for The Neothink Society newsletter to receive updates on programs, ideas, and community events. Stay connected to the latest opportunities and growth.",Yes,Indexed - Has Traffic,Live,P2-Low CTR,5,3580,0.14%,4.23
585,page,Blog,blog,https://neothink.com/blog/,2024-05-02 22:15:23,Blog & Articles - NeoThink Society,"Explore The Neothink Society's blog for articles on our philosophy, personal growth, and societal change. Transform your life with powerful insights and ideas.",Yes,Indexed - Has Traffic,Live,P2-Low CTR,5,6920,0.07%,5.02
2797,post,Is the Neothink Society Legit? Everything You Need to Know,is-the-neothink-society-legit-everything-you-need-to-know,https://neothink.com/is-the-neothink-society-legit-everything-you-need-to-know/,2025-04-03 06:16:00,Is the Neothink Society Legit? Everything You Need to Know - Neothink,Is the Neothink Society legit? Everything you need to know is right here. Learn how our mission and programs have changed lives around the world for decades.,Yes,Indexed - Has Traffic,Live,P2-Low CTR,5,769,0.65%,24.21
2777,page,Ascension: Platform for Business and Personal Growth,ascension-platform-for-business-and-personal-growth,https://neothink.com/ascension-platform-for-business-and-personal-growth/,2025-04-21 06:17:45,Ascension: Platform for Business and Personal Growth - NeoThink Society,"Ascension by The Neothink Society is a platform for business, mindset, and personal growth. Join our community to advance your success and well-being.",Yes,Indexed - Has Traffic,Live,P2-Low CTR,4,298,1.34%,23.46
2223,page,Free,free,https://neothink.com/free/,2024-09-13 20:54:21,,,No,Indexed - Has Traffic,Live,P2-Low CTR,4,296,1.35%,20.88
1574,page,Neothink Customer Reviews,testimonials,https://neothink.com/testimonials/,2024-06-25 03:14:04,Customer Testimonials - NeoThink Society,Read inspiring customer testimonials from members who transformed their lives with The Neothink Society. Discover how you can achieve success and fulfillment.,Yes,Indexed - Has Traffic,Live,P2-Low CTR,4,1832,0.22%,12.4
2804,post,Neothink Society: Clearing Up the Misunderstandings About the 'Secret Society',neothink-society-clearing-up-the-misunderstandings-about-the-secret-society-neothink,https://neothink.com/neothink-society-clearing-up-the-misunderstandings-about-the-secret-society-neothink/,2025-04-06 06:16:00,,Neothink Society is clearing up the misunderstandings about the ‘secret society.’ Learn what we truly stand for and how our members grow in every area of life.,Yes,Indexed - Has Traffic,Live,P2-Low CTR,4,374,1.07%,27.9
1647,page,Resources,resources,https://neothink.com/resources/,2024-07-01 21:46:01,,,No,Indexed - Has Traffic,Live,P2-Low CTR,3,393,0.76%,40.11
587,page,Books,books,https://neothink.com/books/,2024-05-02 22:15:23,,,No,Indexed - Has Traffic,Live,P2-Low CTR,3,4413,0.07%,3.43
3385,post,Mark Hamilton’s Neothink: The Surprising Logic Behind Its Teachings,mark-hamiltons-neothink-the-surprising-logic-behind-its-teachings,https://neothink.com/mark-hamiltons-neothink-the-surprising-logic-behind-its-teachings/,2025-07-21 09:30:26,,"Explore the Neothink Mark Hamilton philosophy and how its structured logic transforms personal growth, value creation, and long-term success across generations.",Yes,Indexed - Has Traffic,Live,P2-Low CTR,3,168,1.79%,13.6
3102,post,What People Get Wrong About Neothink University And What’s Actually True,what-people-get-wrong-about-neothink-university-and-whats-actually-true,https://neothink.com/what-people-get-wrong-about-neothink-university-and-whats-actually-true/,2025-04-28 09:51:24,,Discover what people often get wrong about Neothink University and the truth behind its transformative programs. Learn how Neothink University can help you.,Yes,Indexed - Has Traffic,Live,P2-Low CTR,3,326,0.92%,20.99
3037,page,Contact Form Submitted,contact-form-submitted,https://neothink.com/contact-form-submitted/,2025-04-25 20:59:37,,,No,Indexed - Has Traffic,Live,P2-Low CTR,1,101,0.99%,56.14
3161,page,Exclusive Access to Mark's Masterclass [FREE],master28,https://neothink.com/master28/,2025-05-22 00:37:15,,,No,Not in GSC / No Traffic,No Data,P3-Not Indexed,0,0,0%,—
1059,page,Home,home,https://neothink.com/home/,2024-05-02 22:15:23,Self-Improvement Coaching for Individuals and Society - NeoThink Society,The Neothink Society offers transformative self-improvement coaching for individuals and society. Unleash your potential and start living with purpose today.,Yes,Not in GSC / No Traffic,No Data,P3-Not Indexed,0,0,0%,—
3331,post,People Say Neothink Is Unrealistic: Is It Too Good To Be True?,people-say-neothink-is-unrealistic-is-it-too-good-to-be-true,https://neothink.com/people-say-neothink-is-unrealistic-is-it-too-good-to-be-true/,2025-06-30 16:47:05,,"Join the Neothink secret society and unlock a life of freedom, purpose, and success. Break free from limitations and achieve your true potential.",Yes,Not in GSC / No Traffic,No Data,P3-Not Indexed,0,0,0%,—
2938,post,Is Starting Over At 50 Too Late For Success?,is-starting-over-at-50-too-late-for-success-neothink,https://neothink.com/is-starting-over-at-50-too-late-for-success-neothink/,2025-03-20 11:26:38,,Is starting over at 50 too late for success? The Neothink Society proves it’s never too late to change paths and create success in your second chapter of life.,Yes,Not in GSC / No Traffic,No Data,P3-Not Indexed,0,0,0%,—
3457,ss_podcast,The Future of Humanity: Everything becomes FREE,the-future-of-humanity-everything-becomes-free,https://neothink.com/the-future-of-humanity-everything-becomes-free/,2025-01-02 20:00:22,,,No,Not in GSC / No Traffic,No Data,P3-Not Indexed,0,0,0%,—
3458,ss_podcast,The Secret Society Reveals Civilization's ONLY Hope for a Good Future,the-secret-society-reveals-civilizations-only-hope-for-a-good-future,https://neothink.com/the-secret-society-reveals-civilizations-only-hope-for-a-good-future/,2024-12-31 20:00:11,,,No,Not in GSC / No Traffic,No Data,P3-Not Indexed,0,0,0%,—
3459,ss_podcast,I Used LUCK to Make a Fortune and You Can Too - The Neothink Mentality,i-used-luck-to-make-a-fortune-and-you-can-too-the-neothink-mentality,https://neothink.com/i-used-luck-to-make-a-fortune-and-you-can-too-the-neothink-mentality/,2024-12-13 00:22:50,,,No,Not in GSC / No Traffic,No Data,P3-Not Indexed,0,0,0%,—
3460,ss_podcast,REPROGRAM your mind to be rich in 1 hour…. The Neothink Approach,reprogram-your-mind-to-be-rich-in-1-hour-the-neothink-approach,https://neothink.com/reprogram-your-mind-to-be-rich-in-1-hour-the-neothink-approach/,2024-12-10 20:00:22,,,No,Not in GSC / No Traffic,No Data,P3-Not Indexed,0,0,0%,—
3461,ss_podcast,Are We the Illuminati? The Truth Behind the Allegations – MH Explains,are-we-the-illuminati-the-truth-behind-the-allegations-mh-explains,https://neothink.com/are-we-the-illuminati-the-truth-behind-the-allegations-mh-explains/,2024-12-09 20:00:15,,,No,Not in GSC / No Traffic,No Data,P3-Not Indexed,0,0,0%,—
3462,ss_podcast,Aliens Are Real… But They’ll Never Visit Earth – Here’s Why,aliens-are-real-but-theyll-never-visit-earth-heres-why,https://neothink.com/aliens-are-real-but-theyll-never-visit-earth-heres-why/,2024-12-06 20:00:34,,,No,Not in GSC / No Traffic,No Data,P3-Not Indexed,0,0,0%,—
3463,ss_podcast,Is Trump's Victory the Beginning of a New Era?,is-trumps-victory-the-beginning-of-a-new-era,https://neothink.com/is-trumps-victory-the-beginning-of-a-new-era/,2024-12-05 20:00:23,,,No,Not in GSC / No Traffic,No Data,P3-Not Indexed,0,0,0%,—
3464,ss_podcast,Watch This To NEVER Be Manipulated Again,watch-this-to-never-be-manipulated-again,https://neothink.com/watch-this-to-never-be-manipulated-again/,2024-12-04 20:00:50,,,No,Not in GSC / No Traffic,No Data,P3-Not Indexed,0,0,0%,—
3465,ss_podcast,Want to Sell Anything in 2024? Here's the Secret!,want-to-sell-anything-in-2024-heres-the-secret,https://neothink.com/want-to-sell-anything-in-2024-heres-the-secret/,2024-12-03 20:00:22,,,No,Not in GSC / No Traffic,No Data,P3-Not Indexed,0,0,0%,—
3466,ss_podcast,Freeing Society's Hidden Geniuses with Elon Musk,freeing-societys-hidden-geniuses-with-elon-musk,https://neothink.com/freeing-societys-hidden-geniuses-with-elon-musk/,2024-12-02 08:50:47,,,No,Not in GSC / No Traffic,No Data,P3-Not Indexed,0,0,0%,—
3467,ss_podcast,Freedom is the KEY to Unlocking True Wealth in 2024,freedom-is-the-key-to-unlocking-true-wealth-in-2024,https://neothink.com/freedom-is-the-key-to-unlocking-true-wealth-in-2024/,2024-11-28 23:24:58,,,No,Not in GSC / No Traffic,No Data,P3-Not Indexed,0,0,0%,—
3468,ss_podcast,A New Country with No Taxes? Mark Hamilton,a-new-country-with-no-taxes-mark-hamilton,https://neothink.com/a-new-country-with-no-taxes-mark-hamilton/,2024-10-17 19:00:26,,,No,Not in GSC / No Traffic,No Data,P3-Not Indexed,0,0,0%,—
3469,ss_podcast,Think Like Elon Musk: The Mind Hacks That Build Billion-Dollar Empires,think-like-elon-musk-the-mind-hacks-that-build-billion-dollar-empires,https://neothink.com/think-like-elon-musk-the-mind-hacks-that-build-billion-dollar-empires/,2024-10-14 07:25:40,,,No,Not in GSC / No Traffic,No Data,P3-Not Indexed,0,0,0%,—
3470,ss_podcast,A Process for Finding &amp; Achieving Your Life's Purpose: Mark Hamilton,a-process-for-finding-achieving-your-lifes-purpose-mark-hamilton,https://neothink.com/a-process-for-finding-achieving-your-lifes-purpose-mark-hamilton/,2024-09-13 00:00:29,,,No,Not in GSC / No Traffic,No Data,P3-Not Indexed,0,0,0%,—
3471,ss_podcast,Escape the Matrix NOW: Mark Hamilton,escape-the-matrix-now-mark-hamilton,https://neothink.com/escape-the-matrix-now-mark-hamilton/,2024-09-09 20:24:07,,,No,Not in GSC / No Traffic,No Data,P3-Not Indexed,0,0,0%,—
3472,ss_podcast,You're Being Manipulated! They use Guilt to Control You! Mark Hamilton,youre-being-manipulated-they-use-guilt-to-control-you-mark-hamilton,https://neothink.com/youre-being-manipulated-they-use-guilt-to-control-you-mark-hamilton/,2024-09-03 00:00:43,,,No,Not in GSC / No Traffic,No Data,P3-Not Indexed,0,0,0%,—
3473,ss_podcast,This is How Close We Are to Biological Immortality: Mark Hamilton,this-is-how-close-we-are-to-biological-immortality-mark-hamilton,https://neothink.com/this-is-how-close-we-are-to-biological-immortality-mark-hamilton/,2024-08-31 21:21:22,,,No,Not in GSC / No Traffic,No Data,P3-Not Indexed,0,0,0%,—
3029,page,Newsletter Signup Thank You,newsletter-signup-thank-you,https://neothink.com/newsletter-signup-thank-you/,2025-04-25 20:46:48,,,No,Indexed - Has Traffic,Zero-Click,P3-Zero Click (Low Volume),0,10,0%,19.2
3391,post,Neothink Manuscripts: From Skepticism To Multigenerationals Wisdom,neothink-manuscripts-from-skepticism-to-multigenerationals-wisdom,https://neothink.com/neothink-manuscripts-from-skepticism-to-multigenerationals-wisdom/,2025-07-28 09:38:57,,"Explore the real impact of Neothink manuscripts, how they evolved from skepticism into multigenerational tools for personal growth, purpose, and value creation.",Yes,Indexed - Has Traffic,Zero-Click,P3-Zero Click (Low Volume),0,3,0%,1
3343,post,What Do Secret Societies Do? Understanding Their Purpose And Existence,what-do-secret-societies-do-understanding-their-purpose-and-existence,https://neothink.com/what-do-secret-societies-do-understanding-their-purpose-and-existence/,2025-07-14 17:20:17,,Know what secret society do and why they exist. Understand their purpose and how we use their proven methods to unlock your personal and financial potential.,Yes,Indexed - Has Traffic,Zero-Click,P3-Zero Click (Low Volume),0,3,0%,6
3325,post,Neothink Society: A Path To Wealth Or Just Another Membership?,neothink-society-a-path-to-wealth-or-just-another-membership,https://neothink.com/neothink-society-a-path-to-wealth-or-just-another-membership/,2025-06-23 16:36:11,,"Neothink Society helps you unlock purpose, build wealth, and live with passion through proven systems, coaching, and a supportive community.",Yes,Indexed - Has Traffic,Zero-Click,P3-Zero Click (Low Volume),0,13,0%,10.54
3310,post,Neothink Books: Do They Reveal A Secret World?,neothink-books-do-they-reveal-a-secret-world,https://neothink.com/neothink-books-do-they-reveal-a-secret-world/,2025-06-16 16:18:31,,"Unlock your potential with Neothink books. Learn how to break free from limitations and live a life of purpose, passion, and success with our detailed guide.",Yes,Indexed - Has Traffic,Zero-Click,P3-Zero Click (Low Volume),0,10,0%,5.7
3291,post,Are 'Secret Societies' Really That Secret?,are-secret-societies-really-that-secret,https://neothink.com/are-secret-societies-really-that-secret/,2025-06-02 15:42:07,,"Join a secret society focused on personal growth, wealth creation, and self-leadership to unlock your potential and achieve a life of purpose and success.",Yes,Indexed - Has Traffic,Zero-Click,P3-Zero Click (Low Volume),0,4,0%,5.25
3095,post,What Is The NeoThink Society?,what-is-the-neothink-society,https://neothink.com/what-is-the-neothink-society/,2025-04-24 09:47:31,,"Curious about Neothink? Discover “What is the Neothink society?”, its philosophy, and how it can transform your life by focusing on personal growth now.",Yes,Indexed - Has Traffic,Zero-Click,P3-Zero Click (Low Volume),0,19,0%,7.74
3089,post,The Benefits Of Becoming An Active Neothink Member,the-benefits-of-becoming-an-active-neothink-member,https://neothink.com/the-benefits-of-becoming-an-active-neothink-member/,2025-04-21 09:42:50,,Explore the benefits of becoming an active Neothink member. Learn how joining The Neothink Society can help unlock your potential and lead to a life of purpose.,Yes,Indexed - Has Traffic,Zero-Click,P3-Zero Click (Low Volume),0,7,0%,6.29
2976,post,What Is The Purpose Of Life and How Can We Discover It?,what-is-the-purpose-of-life-and-how-can-we-discover-it,https://neothink.com/what-is-the-purpose-of-life-and-how-can-we-discover-it/,2025-04-01 06:02:52,What Is The Purpose Of Life and How Can We Discover It? - Neothink,What is the purpose of life and how can we discover it? The Neothink Society helps you explore deeper meaning and direction to live with intention and joy.,Yes,Indexed - Has Traffic,Zero-Click,P3-Zero Click (Low Volume),0,3,0%,18.33
2950,post,Thriving In Your Career: Strategies For Overcoming Burnout And Advancing As A Leader,thriving-in-your-career-strategies-for-overcoming-burnout-and-advancing-as-a-leader-neothink,https://neothink.com/thriving-in-your-career-strategies-for-overcoming-burnout-and-advancing-as-a-leader-neothink/,2025-03-31 06:15:59,,"Discover strategies for thriving in your career with The Neothink Society. Learn to overcome burnout and advance as a strong, effective, and fulfilled leader.",Yes,Indexed - Has Traffic,Zero-Click,P3-Zero Click (Low Volume),0,1,0%,65
2944,post,Why You’re Not Passionate About Anything and What to Do About It,why-youre-not-passionate-about-anything-and-what-to-do-about-it,https://neothink.com/why-youre-not-passionate-about-anything-and-what-to-do-about-it/,2025-03-25 11:29:52,Why You’re Not Passionate About Anything and What to Do About It - Neothink,Why you’re not passionate about anything and what to do about it is the focus here. The Neothink Society helps reignite passion and excitement in your life.,Yes,Indexed - Has Traffic,Zero-Click,P3-Zero Click (Low Volume),0,8,0%,34
2932,post,How To Make Money As A Stay-At-Home Mom In 2025,how-to-make-money-as-a-stay-at-home-mom-in-2025,https://neothink.com/how-to-make-money-as-a-stay-at-home-mom-in-2025/,2025-03-15 11:22:13,How To Make Money As A Stay-At-Home Mom In 2025 - Neothink,"Find out how to make money as a stay-at-home mom in 2025. The Neothink Society shares practical ways to earn, grow, and thrive from home on your own terms.",Yes,Indexed - Has Traffic,Zero-Click,P3-Zero Click (Low Volume),0,1,0%,1
2926,post,How to Find Your Passion in Life and Career,how-to-find-your-passion-in-life-and-career-neothink,https://neothink.com/how-to-find-your-passion-in-life-and-career-neothink/,2025-03-10 11:17:19,,Learn how to find your passion in life and career with insights from The Neothink Society. Align with your true path and unlock personal fulfillment.,Yes,Indexed - Has Traffic,Zero-Click,P3-Zero Click (Low Volume),0,4,0%,10.75
2920,post,How to Deal With Financial Stress and Build a Solid Financial Foundation,how-to-deal-with-financial-stress-and-build-a-solid-financial-foundation,https://neothink.com/how-to-deal-with-financial-stress-and-build-a-solid-financial-foundation/,2025-03-05 11:09:14,How to Deal With Financial Stress and Build a Solid Financial Foundation - Neothink,Learn how to deal with financial stress and build a solid financial foundation with guidance from The Neothink Society. Build lasting confidence and stability.,Yes,Indexed - Has Traffic,Zero-Click,P3-Zero Click (Low Volume),0,2,0%,1
2914,post,How To Break Bad Habits: 10 Personal Transformation Tips,how-to-break-bad-habits-10-personal-transformation-tips,https://neothink.com/how-to-break-bad-habits-10-personal-transformation-tips/,2025-03-01 10:54:10,How To Break Bad Habits: 10 Personal Transformation Tips - Neothink,Explore how to break bad habits with 10 personal transformation tips from The Neothink Society. Start creating real change and discipline in your life today.,Yes,Indexed - Has Traffic,Zero-Click,P3-Zero Click (Low Volume),0,1,0%,1
2908,post,"Embracing Retirement: Finding Purpose, Passion, And Personal Growth in the Next Chapter of Life",embracing-retirement-finding-purpose-passion-and-personal-growth-in-the-next-chapter-of-life,https://neothink.com/embracing-retirement-finding-purpose-passion-and-personal-growth-in-the-next-chapter-of-life/,2025-02-25 10:46:49,"Embracing Retirement: Finding Purpose, Passion, And Personal Growth in the Next Chapter of Life - Neothink","Embrace retirement and find purpose, passion, and personal growth with guidance from The Neothink Society. Turn your next chapter into a fulfilling journey.",Yes,Indexed - Has Traffic,Zero-Click,P3-Zero Click (Low Volume),0,8,0%,29
2899,post,7 Ways To Find Happiness in Retirement,7-ways-to-find-happiness-in-retirement,https://neothink.com/7-ways-to-find-happiness-in-retirement/,2025-02-20 10:37:51,7 Ways To Find Happiness in Retirement - Neothink,"The Neothink Society shares 7 ways to find happiness in retirement using a life-elevating system. Learn to thrive with purpose, joy, and lasting fulfillment.",Yes,Indexed - Has Traffic,Zero-Click,P3-Zero Click (Low Volume),0,2,0%,1
1973,post,Neothink Society: Why People Can't Stop Talking About It,neothink-society-why-people-cant-stop-talking-about-it,https://neothink.com/neothink-society-why-people-cant-stop-talking-about-it/,2024-08-26 01:09:37,Neothink Society: Clearing Up the Misunderstandings About the 'Secret Society' - Neothink,"Discover why people can’t stop talking about The Neothink Society. Explore our unique philosophy, life-changing community, and transformational personal growth.",Yes,Indexed - Has Traffic,Zero-Click,P3-Zero Click (Low Volume),0,15,0%,2.93
1976,post,Mark Hamilton: The Visionary Behind Neothink Ideas For Modern Society,mark-hamilton-the-visionary-behind-neothink-ideas-for-modern-society,https://neothink.com/mark-hamilton-the-visionary-behind-neothink-ideas-for-modern-society/,2024-08-26 01:01:42,Mark Hamilton: The Visionary Behind Neothink Ideas For Modern Society - Neothink,"Meet Mark Hamilton, the visionary behind Neothink ideas for modern society. Discover how The Neothink Society puts his philosophy into action today.",Yes,Indexed - Has Traffic,Zero-Click,P3-Zero Click (Low Volume),0,3,0%,1.33
1780,post,Adulting Doesn't Have To Be Boring: How To Have Fun As An Adult,adulting-doesnt-have-to-be-boring-how-to-have-fun-as-an-adult,https://neothink.com/adulting-doesnt-have-to-be-boring-how-to-have-fun-as-an-adult/,2024-07-24 05:38:21,Adulting Doesn't Have To Be Boring: How To Have Fun As An Adult - Neothink,Explore how adulting doesn’t have to be boring and how to have fun as an adult. Rediscover joy and excitement in your daily life with The Neothink Society.,Yes,Indexed - Has Traffic,Zero-Click,P3-Zero Click (Low Volume),0,2,0%,1
1782,post,9 Self-Leadership Strategies To Empower Yourself,9-self-leadership-strategies-to-empower-yourself,https://neothink.com/9-self-leadership-strategies-to-empower-yourself/,2024-07-08 05:38:24,9 Self-Leadership Strategies To Empower Yourself - Neothink,The Neothink Society provides 9 self-leadership strategies to empower yourself. Embrace these techniques to take control of your personal growth.,Yes,Indexed - Has Traffic,Zero-Click,P3-Zero Click (Low Volume),0,7,0%,17.71
1769,post,9 Effective Steps To Create And Maintain A Healthy Mindset,9-effective-steps-to-create-and-maintain-a-healthy-mindset-neothink,https://neothink.com/9-effective-steps-to-create-and-maintain-a-healthy-mindset-neothink/,2024-07-01 05:31:36,9 Effective Steps To Create And Maintain A Healthy Mindset - Neothink,The Neothink Society outlines 9 effective steps to create and maintain a healthy mindset. Adopt these practices to enhance your mental well-being.,Yes,Indexed - Has Traffic,Zero-Click,P3-Zero Click (Low Volume),0,5,0%,37.2
2051,page,Neothink University,neothink-university,https://neothink.com/neothink-university/,2024-08-28 19:48:21,Neothink University - NeoThink Society,Neothink University offers courses that unlock potential and cultivate success. Start your journey to knowledge and empowerment at The Neothink Society today.,Yes,Indexed - Has Traffic,Live,P4-Maintain,586,17646,3.32%,2.96
2071,page,Free Courses,free-courses,https://neothink.com/free-courses/,2024-08-28 19:55:38,Free Courses - NeoThink Society,The Neothink Society offers free courses designed to unlock your potential and cultivate personal growth. Start learning with our transformative free courses.,Yes,Indexed - Has Traffic,Live,P4-Maintain,122,5329,2.29%,4.44
2036,page,The Prime Law Politics-Free Society,the-prime-law,https://neothink.com/the-prime-law/,2024-08-28 19:40:32,The Prime Law Politics-Free Society - NeoThink Society,The Prime Law Politics-Free Society aims to replace flawed governance with a system free of corruption. Explore Mark Hamilton’s vision at The Neothink Society.,Yes,Indexed - Has Traffic,Live,P4-Maintain,69,3125,2.21%,4.04
2076,page,Twelve Visions Party,twelve-visions-party,https://neothink.com/twelve-visions-party/,2024-08-28 19:58:03,Twelve Visions Party - NeoThink Society,The Twelve Visions Party reveals Mark Hamilton's groundbreaking ideas to end the rule of man and launch the wealth of mankind. Explore ideas from the movement.,Yes,Indexed - Has Traffic,Live,P4-Maintain,66,671,9.84%,9.69
867,page,Contact,contact,https://neothink.com/contact/,2024-05-02 22:15:23,Contact - Neothink,"Contact The Neothink Society for inquiries, support, personal development, or membership info. Connect with a team committed to your growth and transformation.",Yes,Indexed - Has Traffic,Live,P4-Maintain,60,1951,3.08%,10.91
2066,page,Project Life,project-life,https://neothink.com/project-life/,2024-08-28 19:54:19,Project Life - NeoThink Society,Project Life by The Neothink Society is designed to help individuals find purpose and fulfillment. Start your transformation and thrive with Project Life now.,Yes,Indexed - Has Traffic,Live,P4-Maintain,25,1062,2.35%,5.21
2046,page,Upcoming Events,events,https://neothink.com/events/,2024-08-28 19:46:20,Upcoming Events - NeoThink Society,"Stay updated on upcoming events hosted by The Neothink Society. Don’t miss out on exclusive webinars, seminars, and gatherings designed to inspire growth.",Yes,Indexed - Has Traffic,Live,P4-Maintain,18,378,4.76%,12.62
3083,post,Secret Society Invitation: Have You Received This Letter? What Does It Mean?,secret-society-invitation-have-you-received-this-letter-what-does-it-mean,https://neothink.com/secret-society-invitation-have-you-received-this-letter-what-does-it-mean/,2025-04-18 09:38:40,,Received a secret society invitation? Discover what it means and what steps to take. Learn more about how The Neothink Society can guide you to new heights.,Yes,Indexed - Has Traffic,Live,P4-Maintain,18,557,3.23%,20.22
2212,post,How The Neothink Movement Empowers Financial Independence,how-the-neothink-movement-empowers-financial-independence,https://neothink.com/how-the-neothink-movement-empowers-financial-independence/,2024-09-12 12:49:19,How The Neothink Movement Empowers Financial Independence - Neothink,Discover how the Neothink Movement empowers financial independence. Learn to take control of your financial future with The Neothink Society.,Yes,Indexed - Has Traffic,Live,P4-Maintain,10,293,3.41%,9.16
3066,post,How To Join Neothink Society Secret Meetings,how-to-join-neothink-society-secret-meetings,https://neothink.com/how-to-join-neothink-society-secret-meetings/,2025-04-15 03:29:00,,Unlock the secrets of The Neothink society secret meetings and gain exclusive insights. Discover how to join our inner circle and connect with like-minded teams.,Yes,Indexed - Has Traffic,Live,P4-Maintain,4,92,4.35%,20.12
1974,post,Neothink Mentality: A New Way To Look At Life And Work,neothink-mentality-a-new-way-to-look-at-life-and-work,https://neothink.com/neothink-mentality-a-new-way-to-look-at-life-and-work/,2024-08-26 01:07:00,Neothink Mentality: A New Way To Look At Life And Work - Neothink,"Adopt the Neothink mentality, a new way to look at life and work with purpose. The Neothink Society helps you build a fulfilling, growth-oriented reality.",Yes,Indexed - Has Traffic,Live,P4-Maintain,4,147,2.72%,8.55
3336,post,The Ancient Formula For Wealth And Influence: Does Neothink Hold The Answer?,the-ancient-formula-for-wealth-and-influence-does-neothink-hold-the-answer,https://neothink.com/the-ancient-formula-for-wealth-and-influence-does-neothink-hold-the-answer/,2025-07-07 16:50:51,,"Unlock the ancient formula for wealth through timeless principles of value creation, self-leadership, and focused action that lead to lasting success.",Yes,Indexed - Has Traffic,Live,P4-Maintain,2,8,25%,3.5
3397,post,Secret Society Letters: Are They Just Selling Happiness?,secret-society-letters-are-they-just-selling-happiness,https://neothink.com/secret-society-letters-are-they-just-selling-happiness/,2025-08-04 09:45:32,,Is the secret society letter just selling happiness in a new package? Explore what lies behind the mystery and what it truly offers seekers.,Yes,Indexed - Has Traffic,Live,P4-Maintain,1,35,2.86%,17.91
3055,post,Creating Success Stories With NeoThink Mastermind Group,creating-success-stories-with-neothink-mastermind-group,https://neothink.com/creating-success-stories-with-neothink-mastermind-group/,2025-04-12 03:18:00,,Discover how the Neothink Mastermind Group helps individuals create their success stories. Learn how collaboration and innovation lead to transformative results.,Yes,Indexed - Has Traffic,Live,P4-Maintain,1,54,1.85%,15.93
1975,post,Neothink In The 21st Century: How To Navigate Today's Challenges,neothink-in-the-21st-century-how-to-navigate-todays-challenges,https://neothink.com/neothink-in-the-21st-century-how-to-navigate-todays-challenges/,2024-08-26 01:04:41,Neothink In The 21st Century: How To Navigate Today's Challenges - Neothink,Explore Neothink in the 21st century and how to navigate today’s challenges. The Neothink Society equips you with bold tools for clarity and forward movement.,Yes,Indexed - Has Traffic,Live,P4-Maintain,1,21,4.76%,7.29
1779,post,How To Excel At Work: 33 Practical Tips For Professional Growth,how-to-excel-at-work-33-practical-tips-for-professional-growth,https://neothink.com/how-to-excel-at-work-33-practical-tips-for-professional-growth/,2024-07-31 05:38:20,How To Excel At Work: 33 Practical Tips For Professional Growth - Neothink,Discover how to excel at work with 33 practical tips for professional growth from The Neothink Society. Strengthen your skills and advance your career today.,Yes,Indexed - Has Traffic,Live,P4-Maintain,1,43,2.33%,14.49
1781,post,18 Good Financial Habits That Can Change Your Life,18-good-financial-habits-that-can-change-your-life,https://neothink.com/18-good-financial-habits-that-can-change-your-life/,2024-07-16 05:38:23,18 Good Financial Habits That Can Change Your Life - Neothink,The Neothink Society presents 18 good financial habits that can change your life. Implement these strategies to achieve lasting financial independence.,Yes,Indexed - Has Traffic,Live,P4-Maintain,1,8,12.5%,10.38
