ID	post_type	post_title	post_name	post_status	post_date	post_modified	yoast_title	yoast_meta
1574	page	Neothink Customer Reviews	testimonials	publish	2024-06-25 03:14:04	2025-08-15 06:23:15	Customer Testimonials - NeoThink Society	Read inspiring customer testimonials from members who transformed their lives with The Neothink Society. Discover how you can achieve success and fulfillment.
494	page	About	about	publish	2024-05-02 22:15:23	2025-07-30 00:58:01	NULL	NULL
1059	page	Home	home	publish	2024-05-02 22:15:23	2025-06-25 02:43:14	Self-Improvement Coaching for Individuals and Society - NeoThink Society	The Neothink Society offers transformative self-improvement coaching for individuals and society. Unleash your potential and start living with purpose today.
3161	page	Exclusive Access to Mark's Masterclass [FREE]	master28	publish	2025-05-22 00:37:15	2025-05-22 00:44:54	NULL	NULL
3	page	Privacy Policy	privacy-policy	publish	2024-04-09 19:44:20	2025-05-14 08:16:54	Privacy Policy - Neothink	Review The Neothink Society’s privacy policy to understand how we protect your information and respect your data rights. Your trust and security matter to us.
867	page	Contact	contact	publish	2024-05-02 22:15:23	2025-05-14 08:16:40	Contact - Neothink	Contact The Neothink Society for inquiries, support, personal development, or membership info. Connect with a team committed to your growth and transformation.
1605	page	About Us	about-us	publish	2024-07-01 18:41:00	2025-05-14 08:16:28	About Us - Neothink	Learn about The Neothink Society and our mission to promote purpose, prosperity, and personal freedom. Discover how we help individuals grow and thrive.
1434	page	Newsletter Signup	newsletter	publish	2024-06-18 23:20:14	2025-05-14 08:16:20	Newsletter Signup - Neothink	Sign up for The Neothink Society newsletter to receive updates on programs, ideas, and community events. Stay connected to the latest opportunities and growth.
2777	page	Ascension: Platform for Business and Personal Growth	ascension-platform-for-business-and-personal-growth	publish	2025-04-21 06:17:45	2025-05-14 08:07:23	Ascension: Platform for Business and Personal Growth - NeoThink Society	Ascension by The Neothink Society is a platform for business, mindset, and personal growth. Join our community to advance your success and well-being.
2046	page	Upcoming Events	events	publish	2024-08-28 19:46:20	2025-05-13 04:29:15	Upcoming Events - NeoThink Society	Stay updated on upcoming events hosted by The Neothink Society. Don’t miss out on exclusive webinars, seminars, and gatherings designed to inspire growth.
1918	page	Podcasts	podcast	publish	2024-08-17 00:17:52	2025-05-13 04:04:51	NULL	Tune into The Neothink Society podcasts to explore Mark Hamilton’s transformative ideas. Stay motivated and gain insights with our thought-provoking episodes.
2028	page	Business and Life Coaching Programs	neothink-coaching-programs	publish	2024-09-26 10:21:34	2025-05-13 04:03:21	NULL	The Neothink Society provides business and life coaching programs to help you achieve success and personal fulfillment. Transform your life and career today.
2056	page	Neothink Country: A Digital Nation of Freedom	immortalis	publish	2024-08-28 19:50:56	2025-05-13 04:01:56	Neothink Country: A Digital Nation of Freedom - NeoThink Society	Neothink Country is a digital nation of freedom, offering a new way to live and thrive without limitations. Join us and become a citizen of Neothink Country.
3037	page	Contact Form Submitted	contact-form-submitted	publish	2025-04-25 20:59:37	2025-04-25 21:03:03	NULL	NULL
3029	page	Newsletter Signup Thank You	newsletter-signup-thank-you	publish	2025-04-25 20:46:48	2025-04-25 20:51:15	NULL	NULL
2071	page	Free Courses	free-courses	publish	2024-08-28 19:55:38	2025-04-24 13:43:04	Free Courses - NeoThink Society	The Neothink Society offers free courses designed to unlock your potential and cultivate personal growth. Start learning with our transformative free courses.
2041	page	Frequently Asked Questions	faq	publish	2024-08-28 19:43:39	2025-04-24 13:41:33	Frequently Asked Questions - NeoThink Society	Find answers to frequently asked questions about The Neothink Society. Learn about our philosophy and programs and start your journey to transforming your life.
2061	page	Formula Cure To Aging Program	formula-cure-to-aging	publish	2024-08-28 19:52:50	2025-04-24 13:38:26	Formula Cure To Aging Program - NeoThink Society	The Neothink Society’s Formula Cure To Aging Program helps you discover the secrets to longevity and vitality. Unlock the key to living longer with us today.
2036	page	The Prime Law Politics-Free Society	the-prime-law	publish	2024-08-28 19:40:32	2025-04-24 13:37:09	The Prime Law Politics-Free Society - NeoThink Society	The Prime Law Politics-Free Society aims to replace flawed governance with a system free of corruption. Explore Mark Hamilton’s vision at The Neothink Society.
2066	page	Project Life	project-life	publish	2024-08-28 19:54:19	2025-04-24 13:35:49	Project Life - NeoThink Society	Project Life by The Neothink Society is designed to help individuals find purpose and fulfillment. Start your transformation and thrive with Project Life now.
2051	page	Neothink University	neothink-university	publish	2024-08-28 19:48:21	2025-04-24 13:29:48	Neothink University - NeoThink Society	Neothink University offers courses that unlock potential and cultivate success. Start your journey to knowledge and empowerment at The Neothink Society today.
2223	page	Free	free	publish	2024-09-13 20:54:21	2024-11-30 22:21:51	NULL	NULL
2076	page	Twelve Visions Party	twelve-visions-party	publish	2024-08-28 19:58:03	2024-11-15 20:31:23	Twelve Visions Party - NeoThink Society	The Twelve Visions Party reveals Mark Hamilton's groundbreaking ideas to end the rule of man and launch the wealth of mankind. Explore ideas from the movement.
2017	page	Our Mission	our-mission	publish	2024-08-28 19:35:48	2024-09-27 12:32:30	NULL	NULL
585	page	Blog	blog	publish	2024-05-02 22:15:23	2024-09-23 01:44:39	Blog & Articles - NeoThink Society	Explore The Neothink Society's blog for articles on our philosophy, personal growth, and societal change. Transform your life with powerful insights and ideas.
587	page	Books	books	publish	2024-05-02 22:15:23	2024-09-04 10:50:37	NULL	NULL
670	page	What I Offer	what-i-offer	publish	2024-05-02 22:15:23	2024-09-04 09:07:41	NULL	NULL
1647	page	Resources	resources	publish	2024-07-01 21:46:01	2024-07-01 21:46:01	NULL	NULL
1645	page	Programs	programs	publish	2024-07-01 21:45:48	2024-07-01 21:45:48	NULL	NULL
1643	page	The Movement	the-movement	publish	2024-07-01 21:45:28	2024-07-01 21:45:28	NULL	NULL
1641	page	Life Coaching	life-coaching	publish	2024-07-01 21:44:56	2024-07-01 21:44:56	NULL	NULL
2	page	Sample Page	sample-page	publish	2024-04-09 19:44:20	2024-04-09 19:44:20	NULL	NULL
3404	post	Who Really Joins Secret Societies? The Truth Behind The Members	who-really-joins-secret-societies-the-truth-behind-the-members	publish	2025-08-11 09:50:03	2025-08-14 09:52:05	NULL	Discover who becomes a secret society member & why. This deeper look uncovers patterns, motivations, & surprising truths about those drawn to hidden groups.
3397	post	Secret Society Letters: Are They Just Selling Happiness?	secret-society-letters-are-they-just-selling-happiness	publish	2025-08-04 09:45:32	2025-08-14 09:48:23	NULL	Is the secret society letter just selling happiness in a new package? Explore what lies behind the mystery and what it truly offers seekers.
3391	post	Neothink Manuscripts: From Skepticism To Multigenerationals Wisdom	neothink-manuscripts-from-skepticism-to-multigenerationals-wisdom	publish	2025-07-28 09:38:57	2025-08-14 09:41:08	NULL	Explore the real impact of Neothink manuscripts, how they evolved from skepticism into multigenerational tools for personal growth, purpose, and value creation.
3385	post	Mark Hamilton’s Neothink: The Surprising Logic Behind Its Teachings	mark-hamiltons-neothink-the-surprising-logic-behind-its-teachings	publish	2025-07-21 09:30:26	2025-08-14 09:33:21	NULL	Explore the Neothink Mark Hamilton philosophy and how its structured logic transforms personal growth, value creation, and long-term success across generations.
3343	post	What Do Secret Societies Do? Understanding Their Purpose And Existence	what-do-secret-societies-do-understanding-their-purpose-and-existence	publish	2025-07-14 17:20:17	2025-08-14 06:27:49	NULL	Know what secret society do and why they exist. Understand their purpose and how we use their proven methods to unlock your personal and financial potential.
3336	post	The Ancient Formula For Wealth And Influence: Does Neothink Hold The Answer?	the-ancient-formula-for-wealth-and-influence-does-neothink-hold-the-answer	publish	2025-07-07 16:50:51	2025-07-14 17:08:21	NULL	Unlock the ancient formula for wealth through timeless principles of value creation, self-leadership, and focused action that lead to lasting success.
3331	post	People Say Neothink Is Unrealistic: Is It Too Good To Be True?	people-say-neothink-is-unrealistic-is-it-too-good-to-be-true	publish	2025-06-30 16:47:05	2025-07-14 17:08:14	NULL	Join the Neothink secret society and unlock a life of freedom, purpose, and success. Break free from limitations and achieve your true potential.
3325	post	Neothink Society: A Path To Wealth Or Just Another Membership?	neothink-society-a-path-to-wealth-or-just-another-membership	publish	2025-06-23 16:36:11	2025-07-14 17:08:03	NULL	Neothink Society helps you unlock purpose, build wealth, and live with passion through proven systems, coaching, and a supportive community.
3291	post	Are 'Secret Societies' Really That Secret?	are-secret-societies-really-that-secret	publish	2025-06-02 15:42:07	2025-07-14 17:03:13	NULL	Join a secret society focused on personal growth, wealth creation, and self-leadership to unlock your potential and achieve a life of purpose and success.
3305	post	How To Discern Genuine Secret Society Opportunities From Fraud	how-to-discern-genuine-secret-society-opportunities-from-fraud	publish	2025-06-09 16:15:05	2025-07-14 17:03:13	NULL	Learn how to protect yourself from secret society opportunities from fraud by recognizing fake promises, deceptive tactics, and empty memberships posing as exclusive paths to success.
3310	post	Neothink Books: Do They Reveal A Secret World?	neothink-books-do-they-reveal-a-secret-world	publish	2025-06-16 16:18:31	2025-07-14 17:03:13	NULL	Unlock your potential with Neothink books. Learn how to break free from limitations and live a life of purpose, passion, and success with our detailed guide.
1779	post	How To Excel At Work: 33 Practical Tips For Professional Growth	how-to-excel-at-work-33-practical-tips-for-professional-growth	publish	2024-07-31 05:38:20	2025-05-21 04:49:19	How To Excel At Work: 33 Practical Tips For Professional Growth - Neothink	Discover how to excel at work with 33 practical tips for professional growth from The Neothink Society. Strengthen your skills and advance your career today.
2944	post	Why You’re Not Passionate About Anything and What to Do About It	why-youre-not-passionate-about-anything-and-what-to-do-about-it	publish	2025-03-25 11:29:52	2025-05-14 08:14:58	Why You’re Not Passionate About Anything and What to Do About It - Neothink	Why you’re not passionate about anything and what to do about it is the focus here. The Neothink Society helps reignite passion and excitement in your life.
2956	post	Why You’re Feeling Stuck In Life And How To Fix It	why-youre-feeling-stuck-in-life-and-how-to-fix-it	publish	2025-04-03 06:16:00	2025-05-14 08:14:42	Why You’re Feeling Stuck In Life And How To Fix It - Neothink	Understand why you’re feeling stuck in life and how to fix it with The Neothink Society. Use our tools to move forward with clarity, strength, and momentum.
2810	post	What’s the Truth About the Neothink Society? Separating Fact from Fiction	whats-the-truth-about-the-neothink-society-separating-fact-from-fiction	publish	2025-04-09 06:16:00	2025-05-14 08:14:28	What’s the Truth About the Neothink Society? Separating Fact from Fiction - Neothink	What’s the truth about The Neothink Society? Separate fact from fiction and discover how our programs truly support personal freedom, purpose, and success.
2976	post	What Is The Purpose Of Life and How Can We Discover It?	what-is-the-purpose-of-life-and-how-can-we-discover-it	publish	2025-04-01 06:02:52	2025-05-14 08:14:13	What Is The Purpose Of Life and How Can We Discover It? - Neothink	What is the purpose of life and how can we discover it? The Neothink Society helps you explore deeper meaning and direction to live with intention and joy.
2926	post	How to Find Your Passion in Life and Career	how-to-find-your-passion-in-life-and-career-neothink	publish	2025-03-10 11:17:19	2025-05-14 08:12:44	NULL	Learn how to find your passion in life and career with insights from The Neothink Society. Align with your true path and unlock personal fulfillment.
2932	post	How To Make Money As A Stay-At-Home Mom In 2025	how-to-make-money-as-a-stay-at-home-mom-in-2025	publish	2025-03-15 11:22:13	2025-05-14 08:12:42	How To Make Money As A Stay-At-Home Mom In 2025 - Neothink	Find out how to make money as a stay-at-home mom in 2025. The Neothink Society shares practical ways to earn, grow, and thrive from home on your own terms.
2938	post	Is Starting Over At 50 Too Late For Success?	is-starting-over-at-50-too-late-for-success-neothink	publish	2025-03-20 11:26:38	2025-05-14 08:12:40	NULL	Is starting over at 50 too late for success? The Neothink Society proves it’s never too late to change paths and create success in your second chapter of life.
2797	post	Is the Neothink Society Legit? Everything You Need to Know	is-the-neothink-society-legit-everything-you-need-to-know	publish	2025-04-03 06:16:00	2025-05-14 08:12:38	Is the Neothink Society Legit? Everything You Need to Know - Neothink	Is the Neothink Society legit? Everything you need to know is right here. Learn how our mission and programs have changed lives around the world for decades.
1976	post	Mark Hamilton: The Visionary Behind Neothink Ideas For Modern Society	mark-hamilton-the-visionary-behind-neothink-ideas-for-modern-society	publish	2024-08-26 01:01:42	2025-05-14 08:12:35	Mark Hamilton: The Visionary Behind Neothink Ideas For Modern Society - Neothink	Meet Mark Hamilton, the visionary behind Neothink ideas for modern society. Discover how The Neothink Society puts his philosophy into action today.
1975	post	Neothink In The 21st Century: How To Navigate Today's Challenges	neothink-in-the-21st-century-how-to-navigate-todays-challenges	publish	2024-08-26 01:04:41	2025-05-14 08:12:33	Neothink In The 21st Century: How To Navigate Today's Challenges - Neothink	Explore Neothink in the 21st century and how to navigate today’s challenges. The Neothink Society equips you with bold tools for clarity and forward movement.
1974	post	Neothink Mentality: A New Way To Look At Life And Work	neothink-mentality-a-new-way-to-look-at-life-and-work	publish	2024-08-26 01:07:00	2025-05-14 08:12:32	Neothink Mentality: A New Way To Look At Life And Work - Neothink	Adopt the Neothink mentality, a new way to look at life and work with purpose. The Neothink Society helps you build a fulfilling, growth-oriented reality.
2804	post	Neothink Society: Clearing Up the Misunderstandings About the 'Secret Society'	neothink-society-clearing-up-the-misunderstandings-about-the-secret-society-neothink	publish	2025-04-06 06:16:00	2025-05-14 08:12:30	NULL	Neothink Society is clearing up the misunderstandings about the ‘secret society.’ Learn what we truly stand for and how our members grow in every area of life.
1973	post	Neothink Society: Why People Can't Stop Talking About It	neothink-society-why-people-cant-stop-talking-about-it	publish	2024-08-26 01:09:37	2025-05-14 08:12:28	Neothink Society: Clearing Up the Misunderstandings About the 'Secret Society' - Neothink	Discover why people can’t stop talking about The Neothink Society. Explore our unique philosophy, life-changing community, and transformational personal growth.
2950	post	Thriving In Your Career: Strategies For Overcoming Burnout And Advancing As A Leader	thriving-in-your-career-strategies-for-overcoming-burnout-and-advancing-as-a-leader-neothink	publish	2025-03-31 06:15:59	2025-05-14 08:12:26	NULL	Discover strategies for thriving in your career with The Neothink Society. Learn to overcome burnout and advance as a strong, effective, and fulfilled leader.
2920	post	How to Deal With Financial Stress and Build a Solid Financial Foundation	how-to-deal-with-financial-stress-and-build-a-solid-financial-foundation	publish	2025-03-05 11:09:14	2025-05-14 08:09:28	How to Deal With Financial Stress and Build a Solid Financial Foundation - Neothink	Learn how to deal with financial stress and build a solid financial foundation with guidance from The Neothink Society. Build lasting confidence and stability.
2914	post	How To Break Bad Habits: 10 Personal Transformation Tips	how-to-break-bad-habits-10-personal-transformation-tips	publish	2025-03-01 10:54:10	2025-05-14 08:09:09	How To Break Bad Habits: 10 Personal Transformation Tips - Neothink	Explore how to break bad habits with 10 personal transformation tips from The Neothink Society. Start creating real change and discipline in your life today.
1977	post	How The Neothink Secret Society Differs From Other Secret Groups	how-the-neothink-secret-society-differs-from-other-secret-groups	publish	2025-03-28 06:16:00	2025-05-14 08:08:41	How The Neothink Secret Society Differs From Other Secret Groups - Neothink	Find out how the Neothink Secret Society differs from other secret groups. Discover our unique approach to growth and transformation at The Neothink Society.
2212	post	How The Neothink Movement Empowers Financial Independence	how-the-neothink-movement-empowers-financial-independence	publish	2024-09-12 12:49:19	2025-05-14 08:07:45	How The Neothink Movement Empowers Financial Independence - Neothink	Discover how the Neothink Movement empowers financial independence. Learn to take control of your financial future with The Neothink Society.
1769	post	9 Effective Steps To Create And Maintain A Healthy Mindset	9-effective-steps-to-create-and-maintain-a-healthy-mindset-neothink	publish	2024-07-01 05:31:36	2025-05-14 08:04:44	9 Effective Steps To Create And Maintain A Healthy Mindset - Neothink	The Neothink Society outlines 9 effective steps to create and maintain a healthy mindset. Adopt these practices to enhance your mental well-being.
1782	post	9 Self-Leadership Strategies To Empower Yourself	9-self-leadership-strategies-to-empower-yourself	publish	2024-07-08 05:38:24	2025-05-14 08:04:44	9 Self-Leadership Strategies To Empower Yourself - Neothink	The Neothink Society provides 9 self-leadership strategies to empower yourself. Embrace these techniques to take control of your personal growth.
1780	post	Adulting Doesn't Have To Be Boring: How To Have Fun As An Adult	adulting-doesnt-have-to-be-boring-how-to-have-fun-as-an-adult	publish	2024-07-24 05:38:21	2025-05-14 08:04:40	Adulting Doesn't Have To Be Boring: How To Have Fun As An Adult - Neothink	Explore how adulting doesn’t have to be boring and how to have fun as an adult. Rediscover joy and excitement in your daily life with The Neothink Society.
2908	post	Embracing Retirement: Finding Purpose, Passion, And Personal Growth in the Next Chapter of Life	embracing-retirement-finding-purpose-passion-and-personal-growth-in-the-next-chapter-of-life	publish	2025-02-25 10:46:49	2025-05-14 08:04:37	Embracing Retirement: Finding Purpose, Passion, And Personal Growth in the Next Chapter of Life - Neothink	Embrace retirement and find purpose, passion, and personal growth with guidance from The Neothink Society. Turn your next chapter into a fulfilling journey.
2899	post	7 Ways To Find Happiness in Retirement	7-ways-to-find-happiness-in-retirement	publish	2025-02-20 10:37:51	2025-05-14 08:01:31	7 Ways To Find Happiness in Retirement - Neothink	The Neothink Society shares 7 ways to find happiness in retirement using a life-elevating system. Learn to thrive with purpose, joy, and lasting fulfillment.
1781	post	18 Good Financial Habits That Can Change Your Life	18-good-financial-habits-that-can-change-your-life	publish	2024-07-16 05:38:23	2025-05-14 07:59:44	18 Good Financial Habits That Can Change Your Life - Neothink	The Neothink Society presents 18 good financial habits that can change your life. Implement these strategies to achieve lasting financial independence.
3102	post	What People Get Wrong About Neothink University And What’s Actually True	what-people-get-wrong-about-neothink-university-and-whats-actually-true	publish	2025-04-28 09:51:24	2025-05-02 10:02:06	NULL	Discover what people often get wrong about Neothink University and the truth behind its transformative programs. Learn how Neothink University can help you.
3055	post	Creating Success Stories With NeoThink Mastermind Group	creating-success-stories-with-neothink-mastermind-group	publish	2025-04-12 03:18:00	2025-05-02 10:01:01	NULL	Discover how the Neothink Mastermind Group helps individuals create their success stories. Learn how collaboration and innovation lead to transformative results.
3066	post	How To Join Neothink Society Secret Meetings	how-to-join-neothink-society-secret-meetings	publish	2025-04-15 03:29:00	2025-05-02 10:01:01	NULL	Unlock the secrets of The Neothink society secret meetings and gain exclusive insights. Discover how to join our inner circle and connect with like-minded teams.
3083	post	Secret Society Invitation: Have You Received This Letter? What Does It Mean?	secret-society-invitation-have-you-received-this-letter-what-does-it-mean	publish	2025-04-18 09:38:40	2025-05-02 10:01:01	NULL	Received a secret society invitation? Discover what it means and what steps to take. Learn more about how The Neothink Society can guide you to new heights.
3089	post	The Benefits Of Becoming An Active Neothink Member	the-benefits-of-becoming-an-active-neothink-member	publish	2025-04-21 09:42:50	2025-05-02 10:01:01	NULL	Explore the benefits of becoming an active Neothink member. Learn how joining The Neothink Society can help unlock your potential and lead to a life of purpose.
3095	post	What Is The NeoThink Society?	what-is-the-neothink-society	publish	2025-04-24 09:47:31	2025-05-02 10:01:01	NULL	Curious about Neothink? Discover “What is the Neothink society?”, its philosophy, and how it can transform your life by focusing on personal growth now.
3462	ss_podcast	Aliens Are Real… But They’ll Never Visit Earth – Here’s Why	aliens-are-real-but-theyll-never-visit-earth-heres-why	publish	2024-12-06 20:00:34	2025-09-04 06:59:36	NULL	NULL
3473	ss_podcast	This is How Close We Are to Biological Immortality: Mark Hamilton	this-is-how-close-we-are-to-biological-immortality-mark-hamilton	publish	2024-08-31 21:21:22	2025-09-02 10:11:29	NULL	NULL
3472	ss_podcast	You're Being Manipulated! They use Guilt to Control You! Mark Hamilton	youre-being-manipulated-they-use-guilt-to-control-you-mark-hamilton	publish	2024-09-03 00:00:43	2025-09-02 10:10:04	NULL	NULL
3471	ss_podcast	Escape the Matrix NOW: Mark Hamilton	escape-the-matrix-now-mark-hamilton	publish	2024-09-09 20:24:07	2025-09-02 10:08:30	NULL	NULL
3470	ss_podcast	A Process for Finding &amp; Achieving Your Life's Purpose: Mark Hamilton	a-process-for-finding-achieving-your-lifes-purpose-mark-hamilton	publish	2024-09-13 00:00:29	2025-09-02 10:06:21	NULL	NULL
3469	ss_podcast	Think Like Elon Musk: The Mind Hacks That Build Billion-Dollar Empires	think-like-elon-musk-the-mind-hacks-that-build-billion-dollar-empires	publish	2024-10-14 07:25:40	2025-09-02 10:03:56	NULL	NULL
3468	ss_podcast	A New Country with No Taxes? Mark Hamilton	a-new-country-with-no-taxes-mark-hamilton	publish	2024-10-17 19:00:26	2025-09-02 10:01:47	NULL	NULL
3467	ss_podcast	Freedom is the KEY to Unlocking True Wealth in 2024	freedom-is-the-key-to-unlocking-true-wealth-in-2024	publish	2024-11-28 23:24:58	2025-09-02 10:00:09	NULL	NULL
3466	ss_podcast	Freeing Society's Hidden Geniuses with Elon Musk	freeing-societys-hidden-geniuses-with-elon-musk	publish	2024-12-02 08:50:47	2025-09-02 09:57:32	NULL	NULL
3465	ss_podcast	Want to Sell Anything in 2024? Here's the Secret!	want-to-sell-anything-in-2024-heres-the-secret	publish	2024-12-03 20:00:22	2025-09-02 09:55:46	NULL	NULL
3464	ss_podcast	Watch This To NEVER Be Manipulated Again	watch-this-to-never-be-manipulated-again	publish	2024-12-04 20:00:50	2025-09-02 09:54:00	NULL	NULL
3463	ss_podcast	Is Trump's Victory the Beginning of a New Era?	is-trumps-victory-the-beginning-of-a-new-era	publish	2024-12-05 20:00:23	2025-09-02 09:51:27	NULL	NULL
3461	ss_podcast	Are We the Illuminati? The Truth Behind the Allegations – MH Explains	are-we-the-illuminati-the-truth-behind-the-allegations-mh-explains	publish	2024-12-09 20:00:15	2025-09-02 09:46:42	NULL	NULL
3460	ss_podcast	REPROGRAM your mind to be rich in 1 hour…. The Neothink Approach	reprogram-your-mind-to-be-rich-in-1-hour-the-neothink-approach	publish	2024-12-10 20:00:22	2025-09-02 09:44:01	NULL	NULL
3459	ss_podcast	I Used LUCK to Make a Fortune and You Can Too - The Neothink Mentality	i-used-luck-to-make-a-fortune-and-you-can-too-the-neothink-mentality	publish	2024-12-13 00:22:50	2025-09-02 09:31:19	NULL	NULL
3458	ss_podcast	The Secret Society Reveals Civilization's ONLY Hope for a Good Future	the-secret-society-reveals-civilizations-only-hope-for-a-good-future	publish	2024-12-31 20:00:11	2025-09-02 09:12:13	NULL	NULL
3457	ss_podcast	The Future of Humanity: Everything becomes FREE	the-future-of-humanity-everything-becomes-free	publish	2025-01-02 20:00:22	2025-09-02 08:58:06	NULL	NULL
2835	page	About - Duplicate - [#494] -New	about-duplicate-494-new	draft	2025-04-15 06:40:26	2025-04-15 15:38:19	NULL	NULL
2820	page	Customer Testimonials - Duplicate - [#1574] - New	customer-testimonials-duplicate-1574-new	draft	2025-04-15 07:10:12	2025-04-15 15:36:25	Customer Testimonials - NeoThink Society	Read inspiring customer testimonials from members who transformed their lives with The Neothink Society. Discover how you can achieve success and fulfillment.
2817	page	About Neothink - Duplicate - [#1605]		draft	2025-04-11 07:32:53	2025-04-11 07:32:53	NULL	NULL
2725	page	Home - Duplicate - [#1059]		draft	2025-03-03 09:54:15	2025-03-03 09:54:15	Self-Improvement Coaching for Individuals and Society - NeoThink Society	The Neothink Society offers transformative self-improvement coaching for individuals and society. Unleash your potential and start living with purpose today.
2660	page	Customer Testimonials - Duplicate - [#1574]		draft	2025-01-08 21:37:50	2025-01-08 21:37:50	Customer Testimonials - NeoThink Society	Read inspiring customer testimonials from members who transformed their lives with The Neothink Society. Discover how you can achieve success and fulfillment.
3474	ss_podcast	Creating A New Society Without A Suppression Ruling Class	creating-a-new-society-without-a-suppression-ruling-class	draft	2024-08-22 01:00:28	2025-09-02 11:39:12	NULL	NULL
3475	ss_podcast	The Tools to Turn What You Love Into A Career	the-tools-to-turn-what-you-love-into-a-career	draft	2024-08-17 02:48:17	2025-09-02 11:38:59	NULL	NULL
3476	ss_podcast	Universal Wealth, Health, and Peace on Earth	universal-wealth-health-and-peace-on-earth	draft	2024-08-12 04:46:29	2025-09-02 11:38:42	NULL	NULL
3513	ss_podcast	Universal Wealth, Health, and Peace on Earth	universal-wealth-health-and-peace-on-earth-2__trashed	trash	2024-08-12 04:46:29	2025-09-02 08:54:57	NULL	NULL
3512	ss_podcast	The Tools to Turn What You Love Into A Career	the-tools-to-turn-what-you-love-into-a-career-2__trashed	trash	2024-08-17 02:48:17	2025-09-02 08:54:57	NULL	NULL
3511	ss_podcast	Creating A New Society Without A Suppression Ruling Class	creating-a-new-society-without-a-suppression-ruling-class-2__trashed	trash	2024-08-22 01:00:28	2025-09-02 08:54:57	NULL	NULL
3510	ss_podcast	This is How Close We Are to Biological Immortality: Mark Hamilton	this-is-how-close-we-are-to-biological-immortality-mark-hamilton-2__trashed	trash	2024-08-31 21:21:22	2025-09-02 08:54:57	NULL	NULL
3509	ss_podcast	You're Being Manipulated! They use Guilt to Control You! Mark Hamilton	youre-being-manipulated-they-use-guilt-to-control-you-mark-hamilton-2__trashed	trash	2024-09-03 00:00:43	2025-09-02 08:54:57	NULL	NULL
3508	ss_podcast	Escape the Matrix NOW: Mark Hamilton	escape-the-matrix-now-mark-hamilton-2__trashed	trash	2024-09-09 20:24:07	2025-09-02 08:54:57	NULL	NULL
3507	ss_podcast	A Process for Finding &amp; Achieving Your Life's Purpose: Mark Hamilton	a-process-for-finding-achieving-your-lifes-purpose-mark-hamilton-2__trashed	trash	2024-09-13 00:00:29	2025-09-02 08:54:56	NULL	NULL
3506	ss_podcast	Think Like Elon Musk: The Mind Hacks That Build Billion-Dollar Empires	think-like-elon-musk-the-mind-hacks-that-build-billion-dollar-empires-2__trashed	trash	2024-10-14 07:25:40	2025-09-02 08:54:56	NULL	NULL
3505	ss_podcast	A New Country with No Taxes? Mark Hamilton	a-new-country-with-no-taxes-mark-hamilton-2__trashed	trash	2024-10-17 19:00:26	2025-09-02 08:54:56	NULL	NULL
3504	ss_podcast	Freedom is the KEY to Unlocking True Wealth in 2024	freedom-is-the-key-to-unlocking-true-wealth-in-2024-2__trashed	trash	2024-11-28 23:24:58	2025-09-02 08:54:56	NULL	NULL
3503	ss_podcast	Freeing Society's Hidden Geniuses with Elon Musk	freeing-societys-hidden-geniuses-with-elon-musk-2__trashed	trash	2024-12-02 08:50:47	2025-09-02 08:54:56	NULL	NULL
3502	ss_podcast	Want to Sell Anything in 2024? Here's the Secret!	want-to-sell-anything-in-2024-heres-the-secret-2__trashed	trash	2024-12-03 20:00:22	2025-09-02 08:54:56	NULL	NULL
3501	ss_podcast	Is Trump's Victory the Beginning of a New Era?	is-trumps-victory-the-beginning-of-a-new-era-2__trashed	trash	2024-12-05 20:00:23	2025-09-02 08:54:56	NULL	NULL
3500	ss_podcast	Aliens Are Real… But They’ll Never Visit Earth – Here’s Why	aliens-are-real-but-theyll-never-visit-earth-heres-why-2__trashed	trash	2024-12-06 20:00:34	2025-09-02 08:54:56	NULL	NULL
3499	ss_podcast	Are We the Illuminati? The Truth Behind the Allegations – MH Explains	are-we-the-illuminati-the-truth-behind-the-allegations-mh-explains-2__trashed	trash	2024-12-09 20:00:15	2025-09-02 08:54:56	NULL	NULL
3498	ss_podcast	REPROGRAM your mind to be rich in 1 hour.... The Neothink Approach	reprogram-your-mind-to-be-rich-in-1-hour-the-neothink-approach-2__trashed	trash	2024-12-10 20:00:22	2025-09-02 08:54:56	NULL	NULL
3497	ss_podcast	I Used LUCK to Make a Fortune and You Can Too - The Neothink Mentality	i-used-luck-to-make-a-fortune-and-you-can-too-the-neothink-mentality-2__trashed	trash	2024-12-13 00:22:50	2025-09-02 08:54:56	NULL	NULL
3496	ss_podcast	The Secret Society Reveals Civilization's ONLY Hope for a Good Future	the-secret-society-reveals-civilizations-only-hope-for-a-good-future-2__trashed	trash	2024-12-31 20:00:11	2025-09-02 08:54:56	NULL	NULL
3495	ss_podcast	The Future of Humanity: Everything becomes FREE	the-future-of-humanity-everything-becomes-free-2__trashed	trash	2025-01-02 20:00:22	2025-09-02 08:54:56	NULL	NULL
3577	post	Auto Draft		auto-draft	2025-09-18 16:36:34	2025-09-18 16:36:34	NULL	NULL
3576	post	Auto Draft		auto-draft	2025-09-17 20:05:32	2025-09-17 20:05:32	NULL	NULL
