Top queries,Clicks,Impressions,CTR,Position
neothink,725,3463,20.94%,2.01
neothink society,401,1827,21.95%,1.12
neothink mark hamilton,246,1216,20.23%,1.2
neothink university,212,461,45.99%,1.12
mark hamilton neothink,188,754,24.93%,1.38
neo think,77,591,13.03%,3.55
neothink book,53,572,9.27%,3.72
neothink society books,49,426,11.5%,2.51
the neothink society,46,351,13.11%,2.75
what is neothink,31,143,21.68%,2.45
www.neothinku.com,26,289,9%,2.61
neothink movement,23,62,37.1%,1.15
neothink society phone number,21,287,7.32%,4.8
neothink book summary,19,394,4.82%,3.06
twelve visions party,15,109,13.76%,7.22
mark hamilton neothink book,14,143,9.79%,5.2
neothink.com,10,18,55.56%,1
neothink books,6,48,12.5%,2.4
neothink matrix,5,153,3.27%,3.36
www.neothink matrix.com,4,79,5.06%,6.51
the prime law,3,19,15.79%,6.63
www.neothinkmatrix.com,2,109,1.83%,7.24
neothink society reviews,2,72,2.78%,6.51
neothink reviews,1,572,0.17%,16.32
mark hamilton books,1,81,1.23%,36.1
neothink llc,1,51,1.96%,5.71
the prime cure mark hamilton,1,3,33.33%,18.33
markhamiltonneothink,0,209,0%,1.58
ascension personal growth,0,169,0%,24.72
the neothink society refund,0,103,0%,18.55
https://neothink.com/mark-hamilton-the-visionary-behind-neothink-ideas-for-modern-society/,0,44,0%,1
noethink book,0,35,0%,3.11
mark hamilton author,0,32,0%,25.22
mark hamilton,0,27,0%,2.04
secret society invitation,0,22,0%,34.55
neo thinking,0,20,0%,5.1
prime law,0,18,0%,80.78
neothink secret society,0,17,0%,8.35
https://neothink.com/how-to-excel-at-work-33-practical-tips-for-professional-growth/,0,14,0%,1
nouveau tech society,0,13,0%,69.77
https://neothink.com/9-self-leadership-strategies-to-empower-yourself/,0,11,0%,1
think neo,0,10,0%,18.8
why do i feel stuck in life,0,10,0%,59.3
neo think society,0,9,0%,3.11
neoh young free course,0,9,0%,4.11
neothink matrix.com login,0,9,0%,15.78
nouveau tech secret society,0,7,0%,57.57
secret society members,0,7,0%,88.29
neo nation,0,7,0%,91
mark hamilton immortalis,0,5,0%,5.4
the society free membership invitation certificate,0,5,0%,30.8
is the neothink society legit,0,5,0%,34.2
secret society invitation template,0,5,0%,48.8
the super puzzle by mark hamilton,0,5,0%,51
new think,0,5,0%,71
www.neothinkmatrix.comz401582416,0,4,0%,2
not passionate about anything,0,4,0%,33.5
why am i not passionate about anything,0,4,0%,34.5
neo society,0,4,0%,47.25
prime society,0,4,0%,70.75
secret society member,0,4,0%,71.5
i feel stuck in life,0,4,0%,75.25
personal growth platform,0,4,0%,87
join immortalis.com,0,3,0%,5
twelve vision,0,3,0%,7.33
mark hamilton inner circle,0,3,0%,23.67
neo hamilton,0,3,0%,39
mark hamilton writer,0,3,0%,43.67
neokrat,0,3,0%,54.33
neo coaching,0,3,0%,58.33
neo mark,0,3,0%,68.33
stuck in life,0,3,0%,71.67
secret society membership,0,3,0%,75
think party,0,3,0%,92.67
neo marks,0,3,0%,93
neothink society inc,0,2,0%,1
site:https://neothink.com/9-self-leadership-strategies-to-empower-yourself/,0,2,0%,1
site:https://neothink.com/how-to-excel-at-work-33-practical-tips-for-professional-growth/,0,2,0%,1
the society letter in the mail,0,2,0%,21.5
project life supplement,0,2,0%,34
thinknetic website,0,2,0%,45.5
primelaw,0,2,0%,55
how do you find your passion in life,0,2,0%,68
how to find passion in life,0,2,0%,68.5
feeling stuck in life,0,2,0%,74.5
words that begin with neo,0,2,0%,85
check your email,0,1,0%,1
site:https://neothink.com/mark-hamilton-the-visionary-behind-neothink-ideas-for-modern-society/,0,1,0%,1
who is mark hamilton,0,1,0%,2
nouveau tech,0,1,0%,3
for free,0,1,0%,4
the society scam,0,1,0%,20
new think promotion,0,1,0%,28
neotruths,0,1,0%,34
is 50 too old to start over,0,1,0%,36
the society membership invitation,0,1,0%,44
start over at 50,0,1,0%,46
what are your passion in life,0,1,0%,67
how to find your passion in life,0,1,0%,70
find your passion in life,0,1,0%,71
society prime,0,1,0%,75
neo tech society,0,1,0%,76
i feel stuck in my life,0,1,0%,78
starting over with nothing at 50,0,1,0%,81
life think,0,1,0%,83
secret society join,0,1,0%,84
neo tech discovery,0,1,0%,86
how to develop a healthy mindset,0,1,0%,87
how to know what your passion is,0,1,0%,90
secret societies to join,0,1,0%,91
how to find your passion,0,1,0%,99
passion in life,0,1,0%,99
the prime cure hamilton,0,1,0%,99
"""personal development""",0,1,0%,140